Keyword,Search Intent,Priority,Estimated Monthly Searches,Estimated Difficulty,Main SERP Competitors,Suggested Page Type,Content Angle / Notes
"study in Malta for international students","Informational / Commercial","High","100-500","Medium","University of Malta; private colleges; study abroad agencies","Main service page","Strong pillar keyword for a Study in Malta landing page"
"how to study in Malta from abroad","Informational","High","50-200","Low-Medium","Study abroad blogs; agencies","Guide blog","Step-by-step application guide"
"study in Malta without IELTS","Commercial","High","50-200","Low-Medium","Agencies; university admission pages","Blog / FAQ","Explain English test alternatives carefully"
"Malta student visa requirements for international students","Informational","High","100-500","Medium","Official visa pages; agencies","Guide blog","Use checklist format and link to official visa guidance"
"Malta study visa process step by step","Informational","High","50-200","Low-Medium","Visa blogs; agencies","Guide blog","Process timeline, documents, common mistakes"
"requirements to study in Malta for non EU students","Informational / Commercial","High","50-200","Low-Medium","University pages; agencies","Guide blog","Good for non-EU applicant targeting"
"cheapest courses in Malta for international students","Commercial","High","20-100","Low","Agencies; course portals","Comparison blog","List affordable course categories and lead capture"
"affordable universities in Malta for international students","Commercial","High","20-100","Low-Medium","University lists; agencies","Comparison page","Compare licensed providers and tuition ranges"
"study in Malta with low tuition fees","Commercial","High","20-100","Low","Study abroad agencies","Blog / landing page","Budget-focused keyword"
"Malta university admission requirements for international students","Informational","High","50-200","Medium","University of Malta; university pages","Guide blog","Undergraduate and postgraduate requirements"
"study business management in Malta","Commercial","Medium","20-100","Low-Medium","Business schools; course portals","Course page","Target business students"
"study hospitality management in Malta","Commercial","Medium","20-100","Low","Institutes; tourism colleges","Course page","Malta tourism industry angle"
"study tourism management in Malta","Commercial","Medium","20-100","Low","Tourism institutes; course portals","Course page","Connect course to Malta hospitality jobs"
"study IT courses in Malta for international students","Commercial","Medium","20-100","Low-Medium","Private colleges; course portals","Course page","Include software, cyber, data, AI options"
"study nursing in Malta for international students","Commercial","Medium","20-100","Medium","University pages; medical schools","Course page","High intent but likely more competitive"
"study English language courses in Malta","Commercial","High","100-500","Medium","English language schools; agencies","Course page","Strong search demand, many competitors"
"short courses in Malta for international students","Commercial","Medium","20-100","Low","Training providers; colleges","Course listing page","Target short-term applicants"
"diploma courses in Malta for international students","Commercial","High","50-200","Low-Medium","Course portals; colleges","Course listing page","Good service keyword"
"bachelor degree in Malta for international students","Commercial","High","50-200","Medium","University pages; agencies","Degree guide","Program options and entry requirements"
"master degree in Malta for international students","Commercial","High","50-200","Medium","University pages; agencies","Degree guide","Target postgraduate applicants"
"cost of studying in Malta for international students","Informational / Commercial","High","100-500","Medium","Blogs; universities; agencies","Guide blog","Tuition, visa, housing, food, transport"
"tuition fees in Malta for international students","Informational / Commercial","High","50-200","Medium","University pages; course portals","Guide blog","Use fee ranges and update regularly"
"living expenses in Malta for students","Informational","High","50-200","Low-Medium","Student blogs; forums","Guide blog","Monthly budget breakdown"
"student accommodation in Malta for international students","Commercial","Medium","50-200","Medium","Housing sites; university pages","Guide blog","Neighborhoods, shared rooms, prices"
"cheapest cities to live in Malta as a student","Informational","Medium","10-50","Low","Blogs; relocation sites","Blog","Malta is small, compare areas/towns instead"
"monthly cost of living in Malta for students","Informational","High","20-100","Low","Blogs; relocation sites","Blog","Good long-tail cost keyword"
"study and live in Malta on a budget","Informational","Medium","10-50","Low","Blogs; agencies","Blog","Budget tips and realistic monthly costs"
"how much money needed to study in Malta","Informational","High","20-100","Low","Visa blogs; agencies","FAQ blog","Tie to visa funds and living costs"
"Malta student budget guide","Informational","Medium","10-50","Low","Blogs","Blog","Useful downloadable checklist angle"
"affordable student housing in Malta","Commercial","Medium","20-100","Low-Medium","Housing sites; rental sites","Guide blog","Partner/referral opportunity"
"can international students work in Malta","Informational","High","50-200","Low-Medium","Official pages; agencies","FAQ blog","Work rules, hours, eligibility"
"study and work in Malta for international students","Commercial","High","100-500","Medium","Agencies; blogs","Service page / blog","Very high lead intent"
"Malta student visa financial requirements","Informational","High","20-100","Low-Medium","Visa blogs; official pages","Guide blog","Documents and proof of funds"
"documents needed for Malta student visa","Informational","High","50-200","Low-Medium","Visa pages; agencies","Checklist blog","Ideal downloadable PDF checklist"
"Malta student visa success tips","Informational","Medium","10-50","Low","Agencies; blogs","Blog","Application mistakes and practical tips"
"how long does Malta student visa take","Informational","High","20-100","Low","Forums; visa blogs","FAQ blog","Answer with updated timeline caveat"
"part time jobs in Malta for students","Informational / Commercial","High","50-200","Medium","Job boards; blogs","Guide blog","Jobs, CV tips, legal work conditions"
"student work permit in Malta","Informational","Medium","20-100","Medium","Official pages; agencies","Guide blog","Good visa-adjacent keyword"
"Malta visa for English language students","Commercial","Medium","20-100","Low-Medium","Language schools; agencies","Guide blog","Specific English course visa intent"
"can I stay in Malta after studying","Informational","Medium","20-100","Low","Blogs; immigration pages","FAQ blog","Post-study options, work route"
"study in Malta from Nepal","Commercial","High","20-100","Low","Study abroad agencies","Country landing page","Localize documents and process for Nepal"
"study in Malta from India","Commercial","High","50-200","Medium","Indian agencies; universities","Country landing page","High competition but strong lead quality"
"study in Malta from Pakistan","Commercial","High","20-100","Low-Medium","Pakistani agencies","Country landing page","Admission + visa document focus"
"study in Malta from Bangladesh","Commercial","Medium","20-100","Low","Agencies","Country landing page","Budget and visa process angle"
"study in Malta from Nigeria","Commercial","Medium","20-100","Low-Medium","Agencies; forums","Country landing page","Financial docs and application process"
"study in Malta from Ghana","Commercial","Medium","10-50","Low","Agencies","Country landing page","Lower volume, easier ranking"
"Malta student visa from India","Commercial","High","50-200","Medium","Visa agencies; study abroad agencies","Country visa guide","Specific Indian applicant visa page"
"Malta student visa from Nepal","Commercial","High","20-100","Low-Medium","Nepal agencies; visa blogs","Country visa guide","Good easy-rank opportunity"
"Malta student visa from Pakistan","Commercial","High","20-100","Low-Medium","Pakistan agencies; visa blogs","Country visa guide","Good for consultant leads"
"Malta study abroad consultants for international students","Commercial","Medium","10-50","Low","Agencies","Service page","Conversion-focused consultant keyword"
"best courses to study in Malta for international students","Informational / Commercial","High","50-200","Low-Medium","Blogs; course portals","Blog","List courses by demand and employability"
"complete guide to studying in Malta","Informational","Medium","20-100","Medium","Blogs; agencies","Pillar guide","Broad guide linking to subpages"
"why choose Malta for higher education","Informational","Medium","10-50","Low","Universities; agencies","Blog","Benefits: English, EU, Mediterranean, courses"
"pros and cons of studying in Malta","Informational","Medium","20-100","Low","Blogs; forums","Blog","Balanced article can rank well"
"how to apply to universities in Malta","Informational","High","50-200","Low-Medium","University pages; agencies","Guide blog","Application steps and documents"
"Malta student visa checklist","Informational","High","50-200","Low-Medium","Visa blogs; agencies","Checklist page","Easy downloadable lead magnet"
"best universities and colleges in Malta for international students","Commercial","High","50-200","Medium","University lists; course portals","Comparison blog","Mention checking MFHEA licensed providers"
"study in Malta vs study in UK","Commercial Investigation","Medium","20-100","Low-Medium","Study abroad blogs","Comparison blog","Cost, visa, lifestyle, course options"
"study in Malta vs study in Cyprus","Commercial Investigation","Medium","10-50","Low","Study abroad blogs","Comparison blog","Good low-competition comparison"
"is Malta good for international students","Informational","High","50-200","Low-Medium","Blogs; forums; agencies","Blog","Answer honestly with pros, cons, costs"
