Task ID,Task,Week,Week title,Track,Status,Owner,Due date,Priority,Impact,Effort,KPI focus,Review date,Evidence URL,Notes,Course URL
SEO-W01-T01,Map the candidate journey: Google search → landing page → job → application.,1,"SEO Foundations, Search Console & GA4",SEO,To do,,,Medium,,,"organic_users, applications, employer_leads",,,,https://outreachrecruitment.net/admin/#/course/1
SEO-W01-T02,Map the employer journey: Google search → employer/service page → enquiry.,1,"SEO Foundations, Search Console & GA4",SEO,To do,,,Medium,,,"organic_users, applications, employer_leads",,,,https://outreachrecruitment.net/admin/#/course/1
SEO-W01-T03,Record 28-day and 3-month Search Console baselines.,1,"SEO Foundations, Search Console & GA4",SEO,To do,,,Medium,,,"organic_users, applications, employer_leads",,,,https://outreachrecruitment.net/admin/#/course/1
SEO-W01-T04,Record GA4 organic acquisition and top landing pages.,1,"SEO Foundations, Search Console & GA4",SEO,To do,,,Medium,,,"organic_users, applications, employer_leads",,,,https://outreachrecruitment.net/admin/#/course/1
SEO-W01-T05,Define application and employer-lead conversions.,1,"SEO Foundations, Search Console & GA4",SEO,To do,,,Medium,,,"organic_users, applications, employer_leads",,,,https://outreachrecruitment.net/admin/#/course/1
SEO-W02-T01,Export real Search Console queries and label them by intent.,2,Keyword Research & Search Intent,SEO,To do,,,Medium,,,"impressions, clicks, avg_position",,,,https://outreachrecruitment.net/admin/#/course/2
SEO-W02-T02,"Research general terms: jobs in Malta, recruitment agency Malta, job vacancies Malta.",2,Keyword Research & Search Intent,SEO,To do,,,Medium,,,"impressions, clicks, avg_position",,,,https://outreachrecruitment.net/admin/#/course/2
SEO-W02-T03,"Build sector groups: hospitality, engineering, finance, logistics, manufacturing, construction, IT, sales, customer care, marine.",2,Keyword Research & Search Intent,SEO,To do,,,Medium,,,"impressions, clicks, avg_position",,,,https://outreachrecruitment.net/admin/#/course/2
SEO-W02-T04,"Build employer groups: hire staff Malta, recruitment services Malta, find employees Malta.",2,Keyword Research & Search Intent,SEO,To do,,,Medium,,,"impressions, clicks, avg_position",,,,https://outreachrecruitment.net/admin/#/course/2
SEO-W02-T05,Assign one primary target page to each important keyword.,2,Keyword Research & Search Intent,SEO,To do,,,Medium,,,"impressions, clicks, avg_position",,,,https://outreachrecruitment.net/admin/#/course/2
SEO-W03-T01,"Audit homepage title, H1 and primary intent.",3,On-Page SEO & Internal Linking,SEO,To do,,,Medium,,,"ctr, clicks, avg_position",,,,https://outreachrecruitment.net/admin/#/course/3
SEO-W03-T02,Audit /jobs/ and /employers/.,3,On-Page SEO & Internal Linking,SEO,To do,,,Medium,,,"ctr, clicks, avg_position",,,,https://outreachrecruitment.net/admin/#/course/3
SEO-W03-T03,Create title/meta/H1 recommendations for five priority pages.,3,On-Page SEO & Internal Linking,SEO,To do,,,Medium,,,"ctr, clicks, avg_position",,,,https://outreachrecruitment.net/admin/#/course/3
SEO-W03-T04,"Build internal links from blogs to sectors, sectors to jobs and jobs back to sector hubs.",3,On-Page SEO & Internal Linking,SEO,To do,,,Medium,,,"ctr, clicks, avg_position",,,,https://outreachrecruitment.net/admin/#/course/3
SEO-W03-T05,Check image alt text and CTA clarity.,3,On-Page SEO & Internal Linking,SEO,To do,,,Medium,,,"ctr, clicks, avg_position",,,,https://outreachrecruitment.net/admin/#/course/3
SEO-W04-T01,Audit sitemap and robots directives.,4,Technical SEO for a Recruitment Website,SEO,To do,,,Medium,,,"impressions, clicks, avg_position",,,,https://outreachrecruitment.net/admin/#/course/4
SEO-W04-T02,Check canonical URLs and duplicate/filter URLs.,4,Technical SEO for a Recruitment Website,SEO,To do,,,Medium,,,"impressions, clicks, avg_position",,,,https://outreachrecruitment.net/admin/#/course/4
SEO-W04-T03,Review expired-job handling.,4,Technical SEO for a Recruitment Website,SEO,To do,,,Medium,,,"impressions, clicks, avg_position",,,,https://outreachrecruitment.net/admin/#/course/4
SEO-W04-T04,Validate representative JobPosting structured data.,4,Technical SEO for a Recruitment Website,SEO,To do,,,Medium,,,"impressions, clicks, avg_position",,,,https://outreachrecruitment.net/admin/#/course/4
SEO-W04-T05,Check mobile performance and Core Web Vitals.,4,Technical SEO for a Recruitment Website,SEO,To do,,,Medium,,,"impressions, clicks, avg_position",,,,https://outreachrecruitment.net/admin/#/course/4
SEO-W04-T06,Create severity levels: Critical / High / Medium / Low.,4,Technical SEO for a Recruitment Website,SEO,To do,,,Medium,,,"impressions, clicks, avg_position",,,,https://outreachrecruitment.net/admin/#/course/4
SEO-W05-T01,Build or improve Hospitality Jobs Malta.,5,Sector Landing Pages,SEO,To do,,,Medium,,,"impressions, clicks, applications",,,,https://outreachrecruitment.net/admin/#/course/5
SEO-W05-T02,Choose a second sector from Search Console opportunity data.,5,Sector Landing Pages,SEO,To do,,,Medium,,,"impressions, clicks, applications",,,,https://outreachrecruitment.net/admin/#/course/5
SEO-W05-T03,Add current vacancies dynamically or manually where appropriate.,5,Sector Landing Pages,SEO,To do,,,Medium,,,"impressions, clicks, applications",,,,https://outreachrecruitment.net/admin/#/course/5
SEO-W05-T04,Add sector-specific FAQs and useful candidate guidance.,5,Sector Landing Pages,SEO,To do,,,Medium,,,"impressions, clicks, applications",,,,https://outreachrecruitment.net/admin/#/course/5
SEO-W05-T05,Link to relevant individual jobs and supporting guides.,5,Sector Landing Pages,SEO,To do,,,Medium,,,"impressions, clicks, applications",,,,https://outreachrecruitment.net/admin/#/course/5
SEO-W06-T01,Create a Jobs in Malta pillar-page plan.,6,Topic Clusters & Topical Authority,SEO,To do,,,Medium,,,"impressions, clicks, organic_users",,,,https://outreachrecruitment.net/admin/#/course/6
SEO-W06-T02,Map supporting sector pages.,6,Topic Clusters & Topical Authority,SEO,To do,,,Medium,,,"impressions, clicks, organic_users",,,,https://outreachrecruitment.net/admin/#/course/6
SEO-W06-T03,"Map CV, interview and job-search guides.",6,Topic Clusters & Topical Authority,SEO,To do,,,Medium,,,"impressions, clicks, organic_users",,,,https://outreachrecruitment.net/admin/#/course/6
SEO-W06-T04,Add contextual internal links.,6,Topic Clusters & Topical Authority,SEO,To do,,,Medium,,,"impressions, clicks, organic_users",,,,https://outreachrecruitment.net/admin/#/course/6
SEO-W06-T05,Identify orphan pages and connect them.,6,Topic Clusters & Topical Authority,SEO,To do,,,Medium,,,"impressions, clicks, organic_users",,,,https://outreachrecruitment.net/admin/#/course/6
SEO-W07-T01,Optimize /employers/ around genuine employer intent.,7,Employer SEO & Commercial Content,SEO,To do,,,Medium,,,"organic_users, employer_leads, ctr",,,,https://outreachrecruitment.net/admin/#/course/7
SEO-W07-T02,Plan 'How to Hire Employees in Malta'.,7,Employer SEO & Commercial Content,SEO,To do,,,Medium,,,"organic_users, employer_leads, ctr",,,,https://outreachrecruitment.net/admin/#/course/7
SEO-W07-T03,Plan 'Recruitment Process in Malta'.,7,Employer SEO & Commercial Content,SEO,To do,,,Medium,,,"organic_users, employer_leads, ctr",,,,https://outreachrecruitment.net/admin/#/course/7
SEO-W07-T04,"Add proof, process, sectors served and clear enquiry CTA.",7,Employer SEO & Commercial Content,SEO,To do,,,Medium,,,"organic_users, employer_leads, ctr",,,,https://outreachrecruitment.net/admin/#/course/7
SEO-W07-T05,Track employer form submissions as a conversion.,7,Employer SEO & Commercial Content,SEO,To do,,,Medium,,,"organic_users, employer_leads, ctr",,,,https://outreachrecruitment.net/admin/#/course/7
SEO-W08-T01,"Compare pages by impressions, clicks, CTR and conversions.",8,"Content Quality, Refreshing & SEO Decisions",SEO,To do,,,Medium,,,"impressions, ctr, avg_position",,,,https://outreachrecruitment.net/admin/#/course/8
SEO-W08-T02,Find pages ranking 4-20.,8,"Content Quality, Refreshing & SEO Decisions",SEO,To do,,,Medium,,,"impressions, ctr, avg_position",,,,https://outreachrecruitment.net/admin/#/course/8
SEO-W08-T03,Find high-impression/low-CTR pages.,8,"Content Quality, Refreshing & SEO Decisions",SEO,To do,,,Medium,,,"impressions, ctr, avg_position",,,,https://outreachrecruitment.net/admin/#/course/8
SEO-W08-T04,Find weak or outdated content.,8,"Content Quality, Refreshing & SEO Decisions",SEO,To do,,,Medium,,,"impressions, ctr, avg_position",,,,https://outreachrecruitment.net/admin/#/course/8
SEO-W08-T05,Create a 30-day refresh queue.,8,"Content Quality, Refreshing & SEO Decisions",SEO,To do,,,Medium,,,"impressions, ctr, avg_position",,,,https://outreachrecruitment.net/admin/#/course/8
SEO-W09-T01,Audit business information consistency.,9,Local SEO for Malta,Local SEO,To do,,,Medium,,,"clicks, organic_users, employer_leads",,,,https://outreachrecruitment.net/admin/#/course/9
SEO-W09-T02,Review Google Business Profile eligibility and completeness where applicable.,9,Local SEO for Malta,Local SEO,To do,,,Medium,,,"clicks, organic_users, employer_leads",,,,https://outreachrecruitment.net/admin/#/course/9
SEO-W09-T03,Review service/market descriptions.,9,Local SEO for Malta,Local SEO,To do,,,Medium,,,"clicks, organic_users, employer_leads",,,,https://outreachrecruitment.net/admin/#/course/9
SEO-W09-T04,Build a review acquisition process that follows platform rules.,9,Local SEO for Malta,Local SEO,To do,,,Medium,,,"clicks, organic_users, employer_leads",,,,https://outreachrecruitment.net/admin/#/course/9
SEO-W09-T05,Track branded/local queries.,9,Local SEO for Malta,Local SEO,To do,,,Medium,,,"clicks, organic_users, employer_leads",,,,https://outreachrecruitment.net/admin/#/course/9
SEO-W10-T01,"Evaluate Valletta, Sliema, St Julian's, Msida, Gozo and other Malta locations from demand/data.",10,Location Content & Citations,Local SEO,To do,,,Medium,,,"impressions, clicks, applications",,,,https://outreachrecruitment.net/admin/#/course/10
SEO-W10-T02,Avoid near-duplicate city pages.,10,Location Content & Citations,Local SEO,To do,,,Medium,,,"impressions, clicks, applications",,,,https://outreachrecruitment.net/admin/#/course/10
SEO-W10-T03,Find relevant Malta business/recruitment citations.,10,Location Content & Citations,Local SEO,To do,,,Medium,,,"impressions, clicks, applications",,,,https://outreachrecruitment.net/admin/#/course/10
SEO-W10-T04,Check consistent company information.,10,Location Content & Citations,Local SEO,To do,,,Medium,,,"impressions, clicks, applications",,,,https://outreachrecruitment.net/admin/#/course/10
SEO-W10-T05,Create one location-page brief.,10,Location Content & Citations,Local SEO,To do,,,Medium,,,"impressions, clicks, applications",,,,https://outreachrecruitment.net/admin/#/course/10
SEO-W11-T01,Find 20 relevant prospects.,11,Backlinks & Outreach,Authority,To do,,,Medium,,,"impressions, clicks, organic_users",,,,https://outreachrecruitment.net/admin/#/course/11
SEO-W11-T02,Score each for relevance and legitimacy.,11,Backlinks & Outreach,Authority,To do,,,Medium,,,"impressions, clicks, organic_users",,,,https://outreachrecruitment.net/admin/#/course/11
SEO-W11-T03,Identify partner-link opportunities.,11,Backlinks & Outreach,Authority,To do,,,Medium,,,"impressions, clicks, organic_users",,,,https://outreachrecruitment.net/admin/#/course/11
SEO-W11-T04,Create an outreach message.,11,Backlinks & Outreach,Authority,To do,,,Medium,,,"impressions, clicks, organic_users",,,,https://outreachrecruitment.net/admin/#/course/11
SEO-W11-T05,Track replies and acquired links.,11,Backlinks & Outreach,Authority,To do,,,Medium,,,"impressions, clicks, organic_users",,,,https://outreachrecruitment.net/admin/#/course/11
SEO-W12-T01,Design a Malta Recruitment & Jobs Report concept.,12,Digital PR & Linkable Assets,Authority,To do,,,Medium,,,"organic_users, clicks, employer_leads",,,,https://outreachrecruitment.net/admin/#/course/12
SEO-W12-T02,List first-party data Outreach can responsibly aggregate.,12,Digital PR & Linkable Assets,Authority,To do,,,Medium,,,"organic_users, clicks, employer_leads",,,,https://outreachrecruitment.net/admin/#/course/12
SEO-W12-T03,Add trustworthy external sources where needed.,12,Digital PR & Linkable Assets,Authority,To do,,,Medium,,,"organic_users, clicks, employer_leads",,,,https://outreachrecruitment.net/admin/#/course/12
SEO-W12-T04,Create a statistics/resource page outline.,12,Digital PR & Linkable Assets,Authority,To do,,,Medium,,,"organic_users, clicks, employer_leads",,,,https://outreachrecruitment.net/admin/#/course/12
SEO-W12-T05,Build a distribution list of relevant publications/partners.,12,Digital PR & Linkable Assets,Authority,To do,,,Medium,,,"organic_users, clicks, employer_leads",,,,https://outreachrecruitment.net/admin/#/course/12
SEO-W13-T01,"Collect 50 questions from Search Console, SERPs and customer/candidate experience.",13,AEO – Answer Engine Optimization,AI Search / AEO / GEO,To do,,,Medium,,,"impressions, ctr, clicks",,,,https://outreachrecruitment.net/admin/#/course/13
SEO-W13-T02,"Group by candidate, employer, sector and location.",13,AEO – Answer Engine Optimization,AI Search / AEO / GEO,To do,,,Medium,,,"impressions, ctr, clicks",,,,https://outreachrecruitment.net/admin/#/course/13
SEO-W13-T03,Write concise direct answers followed by detail.,13,AEO – Answer Engine Optimization,AI Search / AEO / GEO,To do,,,Medium,,,"impressions, ctr, clicks",,,,https://outreachrecruitment.net/admin/#/course/13
SEO-W13-T04,Add FAQs only when they genuinely help the page.,13,AEO – Answer Engine Optimization,AI Search / AEO / GEO,To do,,,Medium,,,"impressions, ctr, clicks",,,,https://outreachrecruitment.net/admin/#/course/13
SEO-W13-T05,Link answers to deeper resources.,13,AEO – Answer Engine Optimization,AI Search / AEO / GEO,To do,,,Medium,,,"impressions, ctr, clicks",,,,https://outreachrecruitment.net/admin/#/course/13
SEO-W14-T01,Clarify Outreach Recruitment's entity information.,14,GEO – Generative Engine Optimization,AI Search / AEO / GEO,To do,,,Medium,,,"impressions, clicks, ai_referrals",,,,https://outreachrecruitment.net/admin/#/course/14
SEO-W14-T02,"Add dates, authorship/context and sources where useful.",14,GEO – Generative Engine Optimization,AI Search / AEO / GEO,To do,,,Medium,,,"impressions, clicks, ai_referrals",,,,https://outreachrecruitment.net/admin/#/course/14
SEO-W14-T03,Replace vague claims with verifiable evidence.,14,GEO – Generative Engine Optimization,AI Search / AEO / GEO,To do,,,Medium,,,"impressions, clicks, ai_referrals",,,,https://outreachrecruitment.net/admin/#/course/14
SEO-W14-T04,"Use structured headings, tables and concise definitions.",14,GEO – Generative Engine Optimization,AI Search / AEO / GEO,To do,,,Medium,,,"impressions, clicks, ai_referrals",,,,https://outreachrecruitment.net/admin/#/course/14
SEO-W14-T05,Upgrade one major guide into a citation-worthy resource.,14,GEO – Generative Engine Optimization,AI Search / AEO / GEO,To do,,,Medium,,,"impressions, clicks, ai_referrals",,,,https://outreachrecruitment.net/admin/#/course/14
SEO-W15-T01,Choose 20 stable questions.,15,AI Search Visibility Tracking,AI Search / AEO / GEO,To do,,,Medium,,,"ai_referrals, organic_users, employer_leads",,,,https://outreachrecruitment.net/admin/#/course/15
SEO-W15-T02,"Record date, query, system/search experience and result.",15,AI Search Visibility Tracking,AI Search / AEO / GEO,To do,,,Medium,,,"ai_referrals, organic_users, employer_leads",,,,https://outreachrecruitment.net/admin/#/course/15
SEO-W15-T03,"Record whether Outreach is surfaced, cited or receives measurable referral traffic.",15,AI Search Visibility Tracking,AI Search / AEO / GEO,To do,,,Medium,,,"ai_referrals, organic_users, employer_leads",,,,https://outreachrecruitment.net/admin/#/course/15
SEO-W15-T04,Compare answers to competitors without manipulating tests.,15,AI Search Visibility Tracking,AI Search / AEO / GEO,To do,,,Medium,,,"ai_referrals, organic_users, employer_leads",,,,https://outreachrecruitment.net/admin/#/course/15
SEO-W15-T05,Repeat on a consistent schedule.,15,AI Search Visibility Tracking,AI Search / AEO / GEO,To do,,,Medium,,,"ai_referrals, organic_users, employer_leads",,,,https://outreachrecruitment.net/admin/#/course/15
SEO-W16-T01,Compare Day 1 vs Day 120.,16,Final Analysis & 90-Day Growth Plan,Analytics,To do,,,Medium,,,"clicks, organic_users, applications, employer_leads",,,,https://outreachrecruitment.net/admin/#/course/16
SEO-W16-T02,Identify winning pages and near-Top-10 opportunities.,16,Final Analysis & 90-Day Growth Plan,Analytics,To do,,,Medium,,,"clicks, organic_users, applications, employer_leads",,,,https://outreachrecruitment.net/admin/#/course/16
SEO-W16-T03,Identify pages with traffic but poor conversion.,16,Final Analysis & 90-Day Growth Plan,Analytics,To do,,,Medium,,,"clicks, organic_users, applications, employer_leads",,,,https://outreachrecruitment.net/admin/#/course/16
SEO-W16-T04,Identify technical work still open.,16,Final Analysis & 90-Day Growth Plan,Analytics,To do,,,Medium,,,"clicks, organic_users, applications, employer_leads",,,,https://outreachrecruitment.net/admin/#/course/16
SEO-W16-T05,Create the next 90-day priorities based on impact and effort.,16,Final Analysis & 90-Day Growth Plan,Analytics,To do,,,Medium,,,"clicks, organic_users, applications, employer_leads",,,,https://outreachrecruitment.net/admin/#/course/16
