Evidence ID,Name,Week,Related Task ID,Related Experiment ID,Type,Date,URL or file,What this proves,Status,Notes
EVD-W01-001,"SEO Foundations, Search Console & GA4 evidence",1,,EXP-W01-001,Screenshot,,,,Needed,
EVD-W02-001,Keyword Research & Search Intent evidence,2,,EXP-W02-001,Screenshot,,,,Needed,
EVD-W03-001,On-Page SEO & Internal Linking evidence,3,,EXP-W03-001,Screenshot,,,,Needed,
EVD-W04-001,Technical SEO for a Recruitment Website evidence,4,,EXP-W04-001,Screenshot,,,,Needed,
EVD-W05-001,Sector Landing Pages evidence,5,,EXP-W05-001,Screenshot,,,,Needed,
EVD-W06-001,Topic Clusters & Topical Authority evidence,6,,EXP-W06-001,Screenshot,,,,Needed,
EVD-W07-001,Employer SEO & Commercial Content evidence,7,,EXP-W07-001,Screenshot,,,,Needed,
EVD-W08-001,"Content Quality, Refreshing & SEO Decisions evidence",8,,EXP-W08-001,Screenshot,,,,Needed,
EVD-W09-001,Local SEO for Malta evidence,9,,EXP-W09-001,Screenshot,,,,Needed,
EVD-W10-001,Location Content & Citations evidence,10,,EXP-W10-001,Screenshot,,,,Needed,
EVD-W11-001,Backlinks & Outreach evidence,11,,EXP-W11-001,Screenshot,,,,Needed,
EVD-W12-001,Digital PR & Linkable Assets evidence,12,,EXP-W12-001,Screenshot,,,,Needed,
EVD-W13-001,AEO – Answer Engine Optimization evidence,13,,EXP-W13-001,Screenshot,,,,Needed,
EVD-W14-001,GEO – Generative Engine Optimization evidence,14,,EXP-W14-001,Screenshot,,,,Needed,
EVD-W15-001,AI Search Visibility Tracking evidence,15,,EXP-W15-001,Screenshot,,,,Needed,
EVD-W16-001,Final Analysis & 90-Day Growth Plan evidence,16,,EXP-W16-001,Screenshot,,,,Needed,
