KPI Record ID,Date,Week,KPI,Current value,Previous value,Change,Target,Direction,Data source,Page,Query,Audience,Confidence,Action,Review date,Evidence URL,Notes
KPI-W01-ORGANIC_USERS,,1,organic_users,,,,,Increase,"GA4 Acquisition + Realtime, Search Console Performance",,,,Low,Fix missing tracking first; do not optimise pages until the baseline and conversion events are reliable.,,,Is measurement complete and are organic visits producing real candidate or employer actions?
KPI-W01-APPLICATIONS,,1,applications,,,,,Increase,"GA4 Acquisition + Realtime, Search Console Performance",,,,Low,Fix missing tracking first; do not optimise pages until the baseline and conversion events are reliable.,,,Is measurement complete and are organic visits producing real candidate or employer actions?
KPI-W01-EMPLOYER_LEADS,,1,employer_leads,,,,,Increase,"GA4 Acquisition + Realtime, Search Console Performance",,,,Low,Fix missing tracking first; do not optimise pages until the baseline and conversion events are reliable.,,,Is measurement complete and are organic visits producing real candidate or employer actions?
KPI-W02-IMPRESSIONS,,2,impressions,,,,,Increase,Search Console Queries + Keywords tracker,,,,Low,"Prioritise one high-impression query with position 4–20, confirm its intent, and assign one best target page.",,,Are the right Malta queries gaining visibility and sending qualified visits?
KPI-W02-CLICKS,,2,clicks,,,,,Increase,Search Console Queries + Keywords tracker,,,,Low,"Prioritise one high-impression query with position 4–20, confirm its intent, and assign one best target page.",,,Are the right Malta queries gaining visibility and sending qualified visits?
KPI-W02-AVG_POSITION,,2,avg_position,,,,,Decrease,Search Console Queries + Keywords tracker,,,,Low,"Prioritise one high-impression query with position 4–20, confirm its intent, and assign one best target page.",,,Are the right Malta queries gaining visibility and sending qualified visits?
KPI-W03-CTR,,3,ctr,,,,,Increase,Search Console Pages/Queries + Experiments tracker,,,,Low,"If impressions are stable but CTR falls, improve the title/description; if position falls, review intent, content and internal links.",,,"Did clearer titles, page copy and internal links improve discovery and clicks?"
KPI-W03-CLICKS,,3,clicks,,,,,Increase,Search Console Pages/Queries + Experiments tracker,,,,Low,"If impressions are stable but CTR falls, improve the title/description; if position falls, review intent, content and internal links.",,,"Did clearer titles, page copy and internal links improve discovery and clicks?"
KPI-W03-AVG_POSITION,,3,avg_position,,,,,Decrease,Search Console Pages/Queries + Experiments tracker,,,,Low,"If impressions are stable but CTR falls, improve the title/description; if position falls, review intent, content and internal links.",,,"Did clearer titles, page copy and internal links improve discovery and clicks?"
KPI-W04-IMPRESSIONS,,4,impressions,,,,,Increase,Search Console Pages/Indexing + Technical tracker,,,,Low,"Resolve the highest-severity crawl, canonical or JobPosting issue, validate it, and annotate the fix date before judging KPI impact.",,,Are technical fixes making important job pages eligible and visible?
KPI-W04-CLICKS,,4,clicks,,,,,Increase,Search Console Pages/Indexing + Technical tracker,,,,Low,"Resolve the highest-severity crawl, canonical or JobPosting issue, validate it, and annotate the fix date before judging KPI impact.",,,Are technical fixes making important job pages eligible and visible?
KPI-W04-AVG_POSITION,,4,avg_position,,,,,Decrease,Search Console Pages/Indexing + Technical tracker,,,,Low,"Resolve the highest-severity crawl, canonical or JobPosting issue, validate it, and annotate the fix date before judging KPI impact.",,,Are technical fixes making important job pages eligible and visible?
KPI-W05-IMPRESSIONS,,5,impressions,,,,,Increase,Search Console page filter + GA4 landing pages + Sector opportunities,,,,Low,"Improve the sector page with the strongest combination of search demand and live jobs; review impressions first, then applications after 30 days.",,,Are permanent sector pages building visibility and sending candidates to relevant jobs?
KPI-W05-CLICKS,,5,clicks,,,,,Increase,Search Console page filter + GA4 landing pages + Sector opportunities,,,,Low,"Improve the sector page with the strongest combination of search demand and live jobs; review impressions first, then applications after 30 days.",,,Are permanent sector pages building visibility and sending candidates to relevant jobs?
KPI-W05-APPLICATIONS,,5,applications,,,,,Increase,Search Console page filter + GA4 landing pages + Sector opportunities,,,,Low,"Improve the sector page with the strongest combination of search demand and live jobs; review impressions first, then applications after 30 days.",,,Are permanent sector pages building visibility and sending candidates to relevant jobs?
KPI-W06-IMPRESSIONS,,6,impressions,,,,,Increase,Search Console Pages/Links + GA4 landing pages + Technical orphan audit,,,,Low,"Add contextual links to one under-supported pillar or sector page, then check discovery and landing-page traffic after 30 days.",,,Are topic clusters helping users and Google discover the priority pages?
KPI-W06-CLICKS,,6,clicks,,,,,Increase,Search Console Pages/Links + GA4 landing pages + Technical orphan audit,,,,Low,"Add contextual links to one under-supported pillar or sector page, then check discovery and landing-page traffic after 30 days.",,,Are topic clusters helping users and Google discover the priority pages?
KPI-W06-ORGANIC_USERS,,6,organic_users,,,,,Increase,Search Console Pages/Links + GA4 landing pages + Technical orphan audit,,,,Low,"Add contextual links to one under-supported pillar or sector page, then check discovery and landing-page traffic after 30 days.",,,Are topic clusters helping users and Google discover the priority pages?
KPI-W07-ORGANIC_USERS,,7,organic_users,,,,,Increase,GA4 organic landing pages/events + Search Console employer queries,,,,Low,"If employer traffic rises without leads, improve proof and the enquiry CTA; if visibility is weak, strengthen employer-intent content first.",,,Is employer-focused organic traffic generating qualified hiring enquiries?
KPI-W07-EMPLOYER_LEADS,,7,employer_leads,,,,,Increase,GA4 organic landing pages/events + Search Console employer queries,,,,Low,"If employer traffic rises without leads, improve proof and the enquiry CTA; if visibility is weak, strengthen employer-intent content first.",,,Is employer-focused organic traffic generating qualified hiring enquiries?
KPI-W07-CTR,,7,ctr,,,,,Increase,GA4 organic landing pages/events + Search Console employer queries,,,,Low,"If employer traffic rises without leads, improve proof and the enquiry CTA; if visibility is weak, strengthen employer-intent content first.",,,Is employer-focused organic traffic generating qualified hiring enquiries?
KPI-W08-IMPRESSIONS,,8,impressions,,,,,Increase,Search Console Pages + Pages and Experiments trackers,,,,Low,Select one page at position 4–20 or with high impressions and low CTR; make one focused change and set a 30-day review.,,,Which existing pages have the clearest measurable refresh opportunity?
KPI-W08-CTR,,8,ctr,,,,,Increase,Search Console Pages + Pages and Experiments trackers,,,,Low,Select one page at position 4–20 or with high impressions and low CTR; make one focused change and set a 30-day review.,,,Which existing pages have the clearest measurable refresh opportunity?
KPI-W08-AVG_POSITION,,8,avg_position,,,,,Decrease,Search Console Pages + Pages and Experiments trackers,,,,Low,Select one page at position 4–20 or with high impressions and low CTR; make one focused change and set a 30-day review.,,,Which existing pages have the clearest measurable refresh opportunity?
KPI-W09-CLICKS,,9,clicks,,,,,Increase,Search Console branded queries + GA4 organic/local landing pages + Local tracker,,,,Low,"Correct the most important NAP/profile inconsistency, record evidence, and compare branded clicks and leads monthly.",,,Is local visibility contributing to branded discovery and useful website visits?
KPI-W09-ORGANIC_USERS,,9,organic_users,,,,,Increase,Search Console branded queries + GA4 organic/local landing pages + Local tracker,,,,Low,"Correct the most important NAP/profile inconsistency, record evidence, and compare branded clicks and leads monthly.",,,Is local visibility contributing to branded discovery and useful website visits?
KPI-W09-EMPLOYER_LEADS,,9,employer_leads,,,,,Increase,Search Console branded queries + GA4 organic/local landing pages + Local tracker,,,,Low,"Correct the most important NAP/profile inconsistency, record evidence, and compare branded clicks and leads monthly.",,,Is local visibility contributing to branded discovery and useful website visits?
KPI-W10-IMPRESSIONS,,10,impressions,,,,,Increase,Search Console location queries + live job registry + GA4,,,,Low,Build or improve only the location with both real vacancies and search demand; avoid thin pages where either signal is absent.,,,Do location pages have enough real demand and job supply to justify them?
KPI-W10-CLICKS,,10,clicks,,,,,Increase,Search Console location queries + live job registry + GA4,,,,Low,Build or improve only the location with both real vacancies and search demand; avoid thin pages where either signal is absent.,,,Do location pages have enough real demand and job supply to justify them?
KPI-W10-APPLICATIONS,,10,applications,,,,,Increase,Search Console location queries + live job registry + GA4,,,,Low,Build or improve only the location with both real vacancies and search demand; avoid thin pages where either signal is absent.,,,Do location pages have enough real demand and job supply to justify them?
KPI-W11-IMPRESSIONS,,11,impressions,,,,,Increase,Backlinks tracker + Search Console Links/Pages + GA4 acquisition,,,,Low,Focus outreach on one genuinely useful resource and high-relevance prospect; verify acquired links and review the target page monthly.,,,Are legitimate relevant links improving discovery and qualified referral/organic visits?
KPI-W11-CLICKS,,11,clicks,,,,,Increase,Backlinks tracker + Search Console Links/Pages + GA4 acquisition,,,,Low,Focus outreach on one genuinely useful resource and high-relevance prospect; verify acquired links and review the target page monthly.,,,Are legitimate relevant links improving discovery and qualified referral/organic visits?
KPI-W11-ORGANIC_USERS,,11,organic_users,,,,,Increase,Backlinks tracker + Search Console Links/Pages + GA4 acquisition,,,,Low,Focus outreach on one genuinely useful resource and high-relevance prospect; verify acquired links and review the target page monthly.,,,Are legitimate relevant links improving discovery and qualified referral/organic visits?
KPI-W12-ORGANIC_USERS,,12,organic_users,,,,,Increase,Backlinks tracker + GA4 referral/organic acquisition + Search Console,,,,Low,Refine the asset or pitch using actual response and coverage data; never claim an outcome that the source data does not support.,,,"Did the evidence-led asset earn attention, links and visits from the intended audience?"
KPI-W12-CLICKS,,12,clicks,,,,,Increase,Backlinks tracker + GA4 referral/organic acquisition + Search Console,,,,Low,Refine the asset or pitch using actual response and coverage data; never claim an outcome that the source data does not support.,,,"Did the evidence-led asset earn attention, links and visits from the intended audience?"
KPI-W12-EMPLOYER_LEADS,,12,employer_leads,,,,,Increase,Backlinks tracker + GA4 referral/organic acquisition + Search Console,,,,Low,Refine the asset or pitch using actual response and coverage data; never claim an outcome that the source data does not support.,,,"Did the evidence-led asset earn attention, links and visits from the intended audience?"
KPI-W13-IMPRESSIONS,,13,impressions,,,,,Increase,Search Console question queries/pages + Rich Results test,,,,Low,Improve one answer block where impressions exist but CTR is weak; keep visible content and structured data consistent.,,,"Are direct, well-structured answers earning more visibility and useful clicks?"
KPI-W13-CTR,,13,ctr,,,,,Increase,Search Console question queries/pages + Rich Results test,,,,Low,Improve one answer block where impressions exist but CTR is weak; keep visible content and structured data consistent.,,,"Are direct, well-structured answers earning more visibility and useful clicks?"
KPI-W13-CLICKS,,13,clicks,,,,,Increase,Search Console question queries/pages + Rich Results test,,,,Low,Improve one answer block where impressions exist but CTR is weak; keep visible content and structured data consistent.,,,"Are direct, well-structured answers earning more visibility and useful clicks?"
KPI-W14-IMPRESSIONS,,14,impressions,,,,,Increase,Search Console + GA4 AI referrals + AI Visibility tracker,,,,Low,"Strengthen one weak factual page with consistent organisation details, original evidence and cited sources, then record a dated observation.",,,"Are clearer entities, sources and original Malta information improving discovery?"
KPI-W14-CLICKS,,14,clicks,,,,,Increase,Search Console + GA4 AI referrals + AI Visibility tracker,,,,Low,"Strengthen one weak factual page with consistent organisation details, original evidence and cited sources, then record a dated observation.",,,"Are clearer entities, sources and original Malta information improving discovery?"
KPI-W14-AI_REFERRALS,,14,ai_referrals,,,,,Increase,Search Console + GA4 AI referrals + AI Visibility tracker,,,,Low,"Strengthen one weak factual page with consistent organisation details, original evidence and cited sources, then record a dated observation.",,,"Are clearer entities, sources and original Malta information improving discovery?"
KPI-W15-AI_REFERRALS,,15,ai_referrals,,,,,Increase,AI Visibility tracker + GA4 source/medium and conversion events,,,,Low,Repeat the fixed prompt set before acting; improve the most relevant source page only when several observations show the same gap.,,,"Is Outreach surfaced or cited consistently, and does that visibility create visits?"
KPI-W15-ORGANIC_USERS,,15,organic_users,,,,,Increase,AI Visibility tracker + GA4 source/medium and conversion events,,,,Low,Repeat the fixed prompt set before acting; improve the most relevant source page only when several observations show the same gap.,,,"Is Outreach surfaced or cited consistently, and does that visibility create visits?"
KPI-W15-EMPLOYER_LEADS,,15,employer_leads,,,,,Increase,AI Visibility tracker + GA4 source/medium and conversion events,,,,Low,Repeat the fixed prompt set before acting; improve the most relevant source page only when several observations show the same gap.,,,"Is Outreach surfaced or cited consistently, and does that visibility create visits?"
KPI-W16-CLICKS,,16,clicks,,,,,Increase,Daily KPI tracking + Experiments + final case study,,,,Low,"Compare equivalent periods, link each claimed win to evidence, and choose the next 90-day priorities by impact, confidence and effort.",,,Which 120-day changes produced credible business improvement and deserve the next investment?
KPI-W16-ORGANIC_USERS,,16,organic_users,,,,,Increase,Daily KPI tracking + Experiments + final case study,,,,Low,"Compare equivalent periods, link each claimed win to evidence, and choose the next 90-day priorities by impact, confidence and effort.",,,Which 120-day changes produced credible business improvement and deserve the next investment?
KPI-W16-APPLICATIONS,,16,applications,,,,,Increase,Daily KPI tracking + Experiments + final case study,,,,Low,"Compare equivalent periods, link each claimed win to evidence, and choose the next 90-day priorities by impact, confidence and effort.",,,Which 120-day changes produced credible business improvement and deserve the next investment?
KPI-W16-EMPLOYER_LEADS,,16,employer_leads,,,,,Increase,Daily KPI tracking + Experiments + final case study,,,,Low,"Compare equivalent periods, link each claimed win to evidence, and choose the next 90-day priorities by impact, confidence and effort.",,,Which 120-day changes produced credible business improvement and deserve the next investment?
