Experiment ID,Name,Week,Related Task ID,Status,Observation,Hypothesis,Action,Page,Query,Audience,Owner,Start date,Review interval days,Review date,Success target,Confidence,Decision,Evidence URL,Notes
EXP-W01-001,"SEO Foundations, Search Console & GA4 experiment",1,,Planned,,,Fix missing tracking first; do not optimise pages until the baseline and conversion events are reliable.,,,,,,7,,,Low,Wait,,
EXP-W02-001,Keyword Research & Search Intent experiment,2,,Planned,,,"Prioritise one high-impression query with position 4–20, confirm its intent, and assign one best target page.",,,,,,30,,,Low,Wait,,
EXP-W03-001,On-Page SEO & Internal Linking experiment,3,,Planned,,,"If impressions are stable but CTR falls, improve the title/description; if position falls, review intent, content and internal links.",,,,,,30,,,Low,Wait,,
EXP-W04-001,Technical SEO for a Recruitment Website experiment,4,,Planned,,,"Resolve the highest-severity crawl, canonical or JobPosting issue, validate it, and annotate the fix date before judging KPI impact.",,,,,,21,,,Low,Wait,,
EXP-W05-001,Sector Landing Pages experiment,5,,Planned,,,"Improve the sector page with the strongest combination of search demand and live jobs; review impressions first, then applications after 30 days.",,,,,,30,,,Low,Wait,,
EXP-W06-001,Topic Clusters & Topical Authority experiment,6,,Planned,,,"Add contextual links to one under-supported pillar or sector page, then check discovery and landing-page traffic after 30 days.",,,,,,30,,,Low,Wait,,
EXP-W07-001,Employer SEO & Commercial Content experiment,7,,Planned,,,"If employer traffic rises without leads, improve proof and the enquiry CTA; if visibility is weak, strengthen employer-intent content first.",,,,,,30,,,Low,Wait,,
EXP-W08-001,"Content Quality, Refreshing & SEO Decisions experiment",8,,Planned,,,Select one page at position 4–20 or with high impressions and low CTR; make one focused change and set a 30-day review.,,,,,,30,,,Low,Wait,,
EXP-W09-001,Local SEO for Malta experiment,9,,Planned,,,"Correct the most important NAP/profile inconsistency, record evidence, and compare branded clicks and leads monthly.",,,,,,30,,,Low,Wait,,
EXP-W10-001,Location Content & Citations experiment,10,,Planned,,,Build or improve only the location with both real vacancies and search demand; avoid thin pages where either signal is absent.,,,,,,60,,,Low,Wait,,
EXP-W11-001,Backlinks & Outreach experiment,11,,Planned,,,Focus outreach on one genuinely useful resource and high-relevance prospect; verify acquired links and review the target page monthly.,,,,,,60,,,Low,Wait,,
EXP-W12-001,Digital PR & Linkable Assets experiment,12,,Planned,,,Refine the asset or pitch using actual response and coverage data; never claim an outcome that the source data does not support.,,,,,,60,,,Low,Wait,,
EXP-W13-001,AEO – Answer Engine Optimization experiment,13,,Planned,,,Improve one answer block where impressions exist but CTR is weak; keep visible content and structured data consistent.,,,,,,30,,,Low,Wait,,
EXP-W14-001,GEO – Generative Engine Optimization experiment,14,,Planned,,,"Strengthen one weak factual page with consistent organisation details, original evidence and cited sources, then record a dated observation.",,,,,,30,,,Low,Wait,,
EXP-W15-001,AI Search Visibility Tracking experiment,15,,Planned,,,Repeat the fixed prompt set before acting; improve the most relevant source page only when several observations show the same gap.,,,,,,30,,,Low,Wait,,
EXP-W16-001,Final Analysis & 90-Day Growth Plan experiment,16,,Planned,,,"Compare equivalent periods, link each claimed win to evidence, and choose the next 90-day priorities by impact, confidence and effort.",,,,,,90,,,Low,Wait,,
