title,url,status
Housekeeping Staff,https://outreachrecruitment.net/jobs/housekeeping-staff,0
Housekeeper in Malta,https://outreachrecruitment.net/jobs/housekeeper-in-malta,0
Junior Revenue & Accounts Analyst,https://outreachrecruitment.net/jobs/junior-revenue-accounts-analyst,0
Night Hospitality Agent,https://outreachrecruitment.net/jobs/night-hospitality-agent,0
Public Area Cleaner,https://outreachrecruitment.net/jobs/public-area-cleaner,0
Head Chef,https://outreachrecruitment.net/jobs/head-chef-steakhouse,0
Senior Waiter / Sommelier,https://outreachrecruitment.net/jobs/senior-waiter-sommelier,0
Front Desk Agent,https://outreachrecruitment.net/jobs/front-desk-agent,0
Sales Agent,https://outreachrecruitment.net/jobs/sales-agent,0
Bartender,https://outreachrecruitment.net/jobs/bartender-2,0
Hostess,https://outreachrecruitment.net/jobs/hostess-2,0
Storekeeper,https://outreachrecruitment.net/jobs/storekeeper-2,0
Maintenance Technician,https://outreachrecruitment.net/jobs/maintenance-technician-2,0
Cashier,https://outreachrecruitment.net/jobs/cashier-2,0
Sales Representative,https://outreachrecruitment.net/jobs/sales-representative,0
Chef De Partie,https://outreachrecruitment.net/jobs/chef-de-partie-4,0
Baristas,https://outreachrecruitment.net/jobs/baristas,0
Kitchen Helper,https://outreachrecruitment.net/jobs/kitchen-helper,0
Ship Chandler,https://outreachrecruitment.net/jobs/ship-chandler,0
Fleet Mechanical Superintendent,https://outreachrecruitment.net/jobs/fleet-mechanical-superintendent,0
Commis,https://outreachrecruitment.net/jobs/commis-3,0
Customer Care Team Leader,https://outreachrecruitment.net/jobs/customer-care-team-leader,0
Customer Care Agent,https://outreachrecruitment.net/jobs/customer-care-agent,0
Hotel Maintenance,https://outreachrecruitment.net/jobs/hotel-maintenance,0
General Labourer,https://outreachrecruitment.net/jobs/general-labourer,0
Crew Concierge,https://outreachrecruitment.net/jobs/crew-concierge-malta,0
"Fleet, Tools and Facility Manager",https://outreachrecruitment.net/jobs/fleet-tools-facility-manager,0
Marine Mechanical Foreman,https://outreachrecruitment.net/jobs/marine-mechanical-foreman-malta,0
Marine Turner,https://outreachrecruitment.net/jobs/marine-turner-malta,0
Plate Shop Foreman,https://outreachrecruitment.net/jobs/plate-shop-foreman-malta,0
Quality Engineer,https://outreachrecruitment.net/jobs/quality-engineer-marine-malta,0
Plumber,https://outreachrecruitment.net/jobs/plumber,0
Welder,https://outreachrecruitment.net/jobs/welder,0
Server (Spanish Speaker),https://outreachrecruitment.net/jobs/server-spanish-speaker,0
Sales Office Coordinator,https://outreachrecruitment.net/jobs/sales-office-coordinator,0
Maintenance Technician,https://outreachrecruitment.net/jobs/maintenance-technician,0
Assistance Co-ordinator,https://outreachrecruitment.net/jobs/assistance-co-ordinator,0
Customer Contact Agent,https://outreachrecruitment.net/jobs/customer-contact-agent,0
Purchasing Officer,https://outreachrecruitment.net/jobs/purchasing-officer,0
Assistant Pizza Chef,https://outreachrecruitment.net/jobs/assistant-pizza-chef,0
Housekeeper,https://outreachrecruitment.net/jobs/housekeeper,0
Senior Quantity Estimator (M&E),https://outreachrecruitment.net/jobs/senior-quantity-estimator-me,0
Sales Representative in Renewables,https://outreachrecruitment.net/jobs/sales-representative-in-renewables,0
HVAC Project Manager,https://outreachrecruitment.net/jobs/hvac-project-manager,0
Labourer Mechanic,https://outreachrecruitment.net/jobs/labourer-mechanic,0
Head Chef - Chinese Cuisine,https://outreachrecruitment.net/jobs/head-chef-chinese-cuisine,0
Housekeeping Attendant,https://outreachrecruitment.net/jobs/housekeeping-attendant,0
Front Office Supervisor,https://outreachrecruitment.net/jobs/front-office-supervisor,0
Senior Sales & Marketing Executive - Airline Industry,https://outreachrecruitment.net/jobs/senior-sales-marketing-executive-airline-industry,0
Quality Assurance Officer/Engineer,https://outreachrecruitment.net/jobs/quality-assurance-officerengineer,0
Client Accounting Manager,https://outreachrecruitment.net/jobs/client-accounting-manager,0
Automotive Service Advisor,https://outreachrecruitment.net/jobs/automotive-service-advisor,0
Construction Site Foreman,https://outreachrecruitment.net/jobs/construction-site-foreman,0
High Voltage Motor Vehicle Technician,https://outreachrecruitment.net/jobs/high-voltage-motor-vehicle-technician,0
Draughtsperson,https://outreachrecruitment.net/jobs/draughtsperson,0
Barber,https://outreachrecruitment.net/jobs/barber,0
Associate Tax Advisor,https://outreachrecruitment.net/jobs/associate-tax-advisor,0
Bar Attendand,https://outreachrecruitment.net/jobs/bar-attendand,0
Customer Care Associate,https://outreachrecruitment.net/jobs/customer-care-associate,0
Lead Azure Infrastructure Architect,https://outreachrecruitment.net/jobs/lead-azure-infrastructure-architect,0
Sales Executive - Luxury Retail,https://outreachrecruitment.net/jobs/sales-executive-luxury-retail,0
Bartender in Gozo,https://outreachrecruitment.net/jobs/bartender-in-gozo,0
Bottling Operator,https://outreachrecruitment.net/jobs/bottling-operator,0
Restaurant Supervisor in Gozo,https://outreachrecruitment.net/jobs/restaurant-supervisor-in-gozo,0
Motor Vehicle Mechanic/Technician,https://outreachrecruitment.net/jobs/motor-vehicle-mechanictechnician,0
Automotive Parts Personnel,https://outreachrecruitment.net/jobs/automotive-parts-personnel,0
Real Estate Agents,https://outreachrecruitment.net/jobs/real-estate-agents,0
Corporate Insurance Associate,https://outreachrecruitment.net/jobs/corporate-insurance-associate,0
Wood Painting & Finishing Specialist,https://outreachrecruitment.net/jobs/wood-painting-finishing-specialist,0
Delivery Driver - Malta C License,https://outreachrecruitment.net/jobs/delivery-driver-malta-c-license,0
Health Claims Associate,https://outreachrecruitment.net/jobs/health-claims-associate,0
Delivery Drivers - C1 Malta License,https://outreachrecruitment.net/jobs/delivery-drivers-c1-malta-license,0
Auditor,https://outreachrecruitment.net/jobs/auditor,0
Junior Sales Assistant - Maltese Speaking,https://outreachrecruitment.net/jobs/junior-sales-assistant-maltese-speaking,0
CNC Machine Operator,https://outreachrecruitment.net/jobs/cnc-machine-operator,0
Room Attendents,https://outreachrecruitment.net/jobs/room-attendents,0
Kitchen Helpers in Gozo,https://outreachrecruitment.net/jobs/kitchen-helpers-in-gozo,0
Lead Microsoft 365 Architect Modern Work & Security,https://outreachrecruitment.net/jobs/lead-microsoft-365-architect-modern-work-security,0
Finance Associate,https://outreachrecruitment.net/jobs/finance-associate,0
Skilled Carpenters,https://outreachrecruitment.net/jobs/skilled-carpenters,0
Delivery Person with Driving Licence C1,https://outreachrecruitment.net/jobs/delivery-person-with-driving-licence-c1,0
Real Estate Managers,https://outreachrecruitment.net/jobs/real-estate-managers,0
Commercial Insurance Associate,https://outreachrecruitment.net/jobs/commercial-insurance-associate,0
Servers in Gozo,https://outreachrecruitment.net/jobs/servers-in-gozo,0
Aluminum Install and Fabrication Foreman,https://outreachrecruitment.net/jobs/aluminum-install-and-fabrication-foreman,0
Bricklayers,https://outreachrecruitment.net/jobs/bricklayers,0
Audit Senior,https://outreachrecruitment.net/jobs/audit-senior,0
Product Owner - Hybrid,https://outreachrecruitment.net/jobs/product-owner-hybrid,0
Steel Shutterers & Steel Fixers,https://outreachrecruitment.net/jobs/steel-shutterers-steel-fixers,0
Volvo Penta Mechanic,https://outreachrecruitment.net/jobs/volvo-penta-mechanic,0
Sign Assembler & Installer,https://outreachrecruitment.net/jobs/sign-assembler-installer,0
Waiters,https://outreachrecruitment.net/jobs/waiters,0
Senior Sales Assistant - Maltese Speaking,https://outreachrecruitment.net/jobs/senior-sales-assistant-maltese-speaking,0
Hotel Porter,https://outreachrecruitment.net/jobs/hotel-porter,0
Boat Maintenance,https://outreachrecruitment.net/jobs/boat-maintenance,0
Demi Chef de Partie (Breakfast Shift),https://outreachrecruitment.net/jobs/demi-chef-de-partie-breakfast-shift,0
Sales and Customer Executive,https://outreachrecruitment.net/jobs/sales-and-customer-executive,0
First Line Support - Hybrid,https://outreachrecruitment.net/jobs/first-line-support-hybrid,0
Semi-Senior Accountant,https://outreachrecruitment.net/jobs/semi-senior-accountant,0
Kitchen Porter,https://outreachrecruitment.net/jobs/kitchen-porter-2,0
Barista,https://outreachrecruitment.net/jobs/barista-2,0
Sales Executive,https://outreachrecruitment.net/jobs/sales-executive-2,0
Housekeeper,https://outreachrecruitment.net/jobs/housekeeper-2,0
Kitchen Porter,https://outreachrecruitment.net/jobs/kitchen-porter-3,0
Commis,https://outreachrecruitment.net/jobs/commis-2,0
Chef de Partie,https://outreachrecruitment.net/jobs/chef-de-partie-2,0
Barista,https://outreachrecruitment.net/jobs/barista-3,0
Sales Executive,https://outreachrecruitment.net/jobs/sales-executive-3,0
IT Support Executive,https://outreachrecruitment.net/jobs/it-support-executive-2,0
Structural Engineer,https://outreachrecruitment.net/jobs/structural-engineer-2,0
Quantity surveyor,https://outreachrecruitment.net/jobs/quantity-surveyor-2,0
Accounts Senior,https://outreachrecruitment.net/jobs/accounts-senior-2,0
