title,url,word_count,issue
Crane Installer,https://outreachrecruitment.net/jobs/crane-installer,5126,Salary/baseSalary missing or not specific
Beauty Specialist / Nail Technician,https://outreachrecruitment.net/jobs/beauty-specialist-nail-technician,4931,Salary/baseSalary missing or not specific
Mini Bus Driver – Licence D,https://outreachrecruitment.net/jobs/mini-bus-driver-licence-d,4981,Salary/baseSalary missing or not specific
Proposal Engineer – Energy Solutions,https://outreachrecruitment.net/jobs/proposal-engineer-energy-solutions,5345,Salary/baseSalary missing or not specific
Driver License B,https://outreachrecruitment.net/jobs/driver-license-b,4861,Missing offer/benefits section
Driver License B,https://outreachrecruitment.net/jobs/driver-license-b,4861,Salary/baseSalary missing or not specific
Forklift Operator,https://outreachrecruitment.net/jobs/forklift-operator,4704,Missing offer/benefits section
Front Office Agent,https://outreachrecruitment.net/jobs/front-office-agent,4971,Missing offer/benefits section
Head of Spa,https://outreachrecruitment.net/jobs/head-of-spa-2,5169,Missing offer/benefits section
Night Cleaner,https://outreachrecruitment.net/jobs/night-cleaner,5056,Missing offer/benefits section
Night Cleaner,https://outreachrecruitment.net/jobs/night-cleaner,5056,Salary/baseSalary missing or not specific
Banqueting F&B Supervisor,https://outreachrecruitment.net/jobs/banqueting-fb-supervisor,4916,Missing offer/benefits section
Banqueting F&B Supervisor,https://outreachrecruitment.net/jobs/banqueting-fb-supervisor,4916,Salary/baseSalary missing or not specific
Assistance Operations Coordinator,https://outreachrecruitment.net/jobs/assistance-operations-coordinator,5144,Salary/baseSalary missing or not specific
Operations Supervisor,https://outreachrecruitment.net/jobs/operations-supervisor,5118,Salary/baseSalary missing or not specific
Heavy Equipment Mechanic,https://outreachrecruitment.net/jobs/heavy-equipment-mechanic-2,5092,Salary/baseSalary missing or not specific
Learning & Development Executive - Hybrid,https://outreachrecruitment.net/jobs/learning-development-executive-hybrid,4564,Salary/baseSalary missing or not specific
Payment Clearing Specialist,https://outreachrecruitment.net/jobs/payment-clearing-specialist,5042,Salary/baseSalary missing or not specific
Auto Electrician (Heavy Vehicles),https://outreachrecruitment.net/jobs/auto-electrician-heavy-vehicles,4862,Salary/baseSalary missing or not specific
Heavy Equipment Mechanic,https://outreachrecruitment.net/jobs/heavy-equipment-mechanic,4859,Salary/baseSalary missing or not specific
Steel Shutter Installer,https://outreachrecruitment.net/jobs/steel-shutter-installer,4803,Salary/baseSalary missing or not specific
Junior Revenue & Accounts Analyst,https://outreachrecruitment.net/jobs/junior-revenue-accounts-analyst,4689,Salary/baseSalary missing or not specific
Public Area Cleaner,https://outreachrecruitment.net/jobs/public-area-cleaner,4697,Missing offer/benefits section
Public Area Cleaner,https://outreachrecruitment.net/jobs/public-area-cleaner,4697,Salary/baseSalary missing or not specific
Head Chef,https://outreachrecruitment.net/jobs/head-chef-steakhouse,4866,Salary/baseSalary missing or not specific
Senior Waiter / Sommelier,https://outreachrecruitment.net/jobs/senior-waiter-sommelier,4728,Missing offer/benefits section
Senior Waiter / Sommelier,https://outreachrecruitment.net/jobs/senior-waiter-sommelier,4728,Salary/baseSalary missing or not specific
Deli Counter Assistant / Salumeria Specialist,https://outreachrecruitment.net/jobs/deli-counter-assistant-salumeria-specialist,5004,Salary/baseSalary missing or not specific
Chef De Partie,https://outreachrecruitment.net/jobs/chef-de-partie-4,4976,Salary/baseSalary missing or not specific
Kitchen Helper,https://outreachrecruitment.net/jobs/kitchen-helper,4857,Salary/baseSalary missing or not specific
Ship Chandler,https://outreachrecruitment.net/jobs/ship-chandler,4754,Missing offer/benefits section
Ship Chandler,https://outreachrecruitment.net/jobs/ship-chandler,4754,Salary/baseSalary missing or not specific
Fleet Mechanical Superintendent,https://outreachrecruitment.net/jobs/fleet-mechanical-superintendent,4815,Missing offer/benefits section
Fleet Mechanical Superintendent,https://outreachrecruitment.net/jobs/fleet-mechanical-superintendent,4815,Salary/baseSalary missing or not specific
Customer Care Agent,https://outreachrecruitment.net/jobs/customer-care-agent,4734,Salary/baseSalary missing or not specific
HVAC Technician,https://outreachrecruitment.net/jobs/hvac-technician,29,Job content is very short (29 words)
HVAC Technician,https://outreachrecruitment.net/jobs/hvac-technician,29,Missing responsibilities section
HVAC Technician,https://outreachrecruitment.net/jobs/hvac-technician,29,Missing requirements section
HVAC Technician,https://outreachrecruitment.net/jobs/hvac-technician,29,Missing offer/benefits section
HVAC Technician,https://outreachrecruitment.net/jobs/hvac-technician,29,Missing strong apply CTA
HVAC Technician,https://outreachrecruitment.net/jobs/hvac-technician,29,Salary/baseSalary missing or not specific
Delivery Man,https://outreachrecruitment.net/jobs/delivery-man,30,Job content is very short (30 words)
Delivery Man,https://outreachrecruitment.net/jobs/delivery-man,30,Missing responsibilities section
Delivery Man,https://outreachrecruitment.net/jobs/delivery-man,30,Missing requirements section
Delivery Man,https://outreachrecruitment.net/jobs/delivery-man,30,Missing offer/benefits section
Delivery Man,https://outreachrecruitment.net/jobs/delivery-man,30,Missing strong apply CTA
Delivery Man,https://outreachrecruitment.net/jobs/delivery-man,30,Salary/baseSalary missing or not specific
Head of HVAC Technicians,https://outreachrecruitment.net/jobs/head-of-hvac-technicians,33,Job content is very short (33 words)
Head of HVAC Technicians,https://outreachrecruitment.net/jobs/head-of-hvac-technicians,33,Missing responsibilities section
Head of HVAC Technicians,https://outreachrecruitment.net/jobs/head-of-hvac-technicians,33,Missing requirements section
Head of HVAC Technicians,https://outreachrecruitment.net/jobs/head-of-hvac-technicians,33,Missing offer/benefits section
Head of HVAC Technicians,https://outreachrecruitment.net/jobs/head-of-hvac-technicians,33,Missing strong apply CTA
Head of HVAC Technicians,https://outreachrecruitment.net/jobs/head-of-hvac-technicians,33,Salary/baseSalary missing or not specific
Tank Cleaner,https://outreachrecruitment.net/jobs/tank-cleaner,29,Job content is very short (29 words)
Tank Cleaner,https://outreachrecruitment.net/jobs/tank-cleaner,29,Missing responsibilities section
Tank Cleaner,https://outreachrecruitment.net/jobs/tank-cleaner,29,Missing requirements section
Tank Cleaner,https://outreachrecruitment.net/jobs/tank-cleaner,29,Missing offer/benefits section
Tank Cleaner,https://outreachrecruitment.net/jobs/tank-cleaner,29,Missing strong apply CTA
Tank Cleaner,https://outreachrecruitment.net/jobs/tank-cleaner,29,Salary/baseSalary missing or not specific
Welder / Burner / Pipe Fitter,https://outreachrecruitment.net/jobs/welder-burner-pipe-fitter,33,Job content is very short (33 words)
Welder / Burner / Pipe Fitter,https://outreachrecruitment.net/jobs/welder-burner-pipe-fitter,33,Missing responsibilities section
Welder / Burner / Pipe Fitter,https://outreachrecruitment.net/jobs/welder-burner-pipe-fitter,33,Missing requirements section
Welder / Burner / Pipe Fitter,https://outreachrecruitment.net/jobs/welder-burner-pipe-fitter,33,Missing offer/benefits section
Welder / Burner / Pipe Fitter,https://outreachrecruitment.net/jobs/welder-burner-pipe-fitter,33,Missing strong apply CTA
Welder / Burner / Pipe Fitter,https://outreachrecruitment.net/jobs/welder-burner-pipe-fitter,33,Salary/baseSalary missing or not specific
Shipyard Sprayer / Painter,https://outreachrecruitment.net/jobs/shipyard-sprayer-painter,31,Job content is very short (31 words)
Shipyard Sprayer / Painter,https://outreachrecruitment.net/jobs/shipyard-sprayer-painter,31,Missing responsibilities section
Shipyard Sprayer / Painter,https://outreachrecruitment.net/jobs/shipyard-sprayer-painter,31,Missing requirements section
Shipyard Sprayer / Painter,https://outreachrecruitment.net/jobs/shipyard-sprayer-painter,31,Missing offer/benefits section
Shipyard Sprayer / Painter,https://outreachrecruitment.net/jobs/shipyard-sprayer-painter,31,Missing strong apply CTA
Shipyard Sprayer / Painter,https://outreachrecruitment.net/jobs/shipyard-sprayer-painter,31,Salary/baseSalary missing or not specific
Marine Carpenter,https://outreachrecruitment.net/jobs/marine-carpenter,29,Job content is very short (29 words)
Marine Carpenter,https://outreachrecruitment.net/jobs/marine-carpenter,29,Missing responsibilities section
Marine Carpenter,https://outreachrecruitment.net/jobs/marine-carpenter,29,Missing requirements section
Marine Carpenter,https://outreachrecruitment.net/jobs/marine-carpenter,29,Missing offer/benefits section
Marine Carpenter,https://outreachrecruitment.net/jobs/marine-carpenter,29,Missing strong apply CTA
Marine Carpenter,https://outreachrecruitment.net/jobs/marine-carpenter,29,Salary/baseSalary missing or not specific
Electronic Technician,https://outreachrecruitment.net/jobs/electronic-technician,29,Job content is very short (29 words)
Electronic Technician,https://outreachrecruitment.net/jobs/electronic-technician,29,Missing responsibilities section
Electronic Technician,https://outreachrecruitment.net/jobs/electronic-technician,29,Missing requirements section
Electronic Technician,https://outreachrecruitment.net/jobs/electronic-technician,29,Missing offer/benefits section
Electronic Technician,https://outreachrecruitment.net/jobs/electronic-technician,29,Missing strong apply CTA
Electronic Technician,https://outreachrecruitment.net/jobs/electronic-technician,29,Salary/baseSalary missing or not specific
Commercial Divers,https://outreachrecruitment.net/jobs/commercial-divers,29,Job content is very short (29 words)
Commercial Divers,https://outreachrecruitment.net/jobs/commercial-divers,29,Missing responsibilities section
Commercial Divers,https://outreachrecruitment.net/jobs/commercial-divers,29,Missing requirements section
Commercial Divers,https://outreachrecruitment.net/jobs/commercial-divers,29,Missing offer/benefits section
Commercial Divers,https://outreachrecruitment.net/jobs/commercial-divers,29,Missing strong apply CTA
Commercial Divers,https://outreachrecruitment.net/jobs/commercial-divers,29,Salary/baseSalary missing or not specific
Trailer Drivers,https://outreachrecruitment.net/jobs/trailer-drivers,29,Job content is very short (29 words)
Trailer Drivers,https://outreachrecruitment.net/jobs/trailer-drivers,29,Missing responsibilities section
Trailer Drivers,https://outreachrecruitment.net/jobs/trailer-drivers,29,Missing requirements section
Trailer Drivers,https://outreachrecruitment.net/jobs/trailer-drivers,29,Missing offer/benefits section
Trailer Drivers,https://outreachrecruitment.net/jobs/trailer-drivers,29,Missing strong apply CTA
Trailer Drivers,https://outreachrecruitment.net/jobs/trailer-drivers,29,Salary/baseSalary missing or not specific
Purchasing Manager,https://outreachrecruitment.net/jobs/purchasing-manager,29,Job content is very short (29 words)
Purchasing Manager,https://outreachrecruitment.net/jobs/purchasing-manager,29,Missing responsibilities section
Purchasing Manager,https://outreachrecruitment.net/jobs/purchasing-manager,29,Missing requirements section
Purchasing Manager,https://outreachrecruitment.net/jobs/purchasing-manager,29,Missing offer/benefits section
Purchasing Manager,https://outreachrecruitment.net/jobs/purchasing-manager,29,Missing strong apply CTA
Purchasing Manager,https://outreachrecruitment.net/jobs/purchasing-manager,29,Salary/baseSalary missing or not specific
Quality Engineer,https://outreachrecruitment.net/jobs/quality-engineer,31,Job content is very short (31 words)
Quality Engineer,https://outreachrecruitment.net/jobs/quality-engineer,31,Missing responsibilities section
Quality Engineer,https://outreachrecruitment.net/jobs/quality-engineer,31,Missing requirements section
Quality Engineer,https://outreachrecruitment.net/jobs/quality-engineer,31,Missing offer/benefits section
Quality Engineer,https://outreachrecruitment.net/jobs/quality-engineer,31,Missing strong apply CTA
Quality Engineer,https://outreachrecruitment.net/jobs/quality-engineer,31,Salary/baseSalary missing or not specific
Marine Turner,https://outreachrecruitment.net/jobs/marine-turner,30,Job content is very short (30 words)
Marine Turner,https://outreachrecruitment.net/jobs/marine-turner,30,Missing responsibilities section
Marine Turner,https://outreachrecruitment.net/jobs/marine-turner,30,Missing requirements section
Marine Turner,https://outreachrecruitment.net/jobs/marine-turner,30,Missing offer/benefits section
Marine Turner,https://outreachrecruitment.net/jobs/marine-turner,30,Missing strong apply CTA
Marine Turner,https://outreachrecruitment.net/jobs/marine-turner,30,Salary/baseSalary missing or not specific
Marine Mechanical Foreman,https://outreachrecruitment.net/jobs/marine-mechanical-foreman,31,Job content is very short (31 words)
Marine Mechanical Foreman,https://outreachrecruitment.net/jobs/marine-mechanical-foreman,31,Missing responsibilities section
Marine Mechanical Foreman,https://outreachrecruitment.net/jobs/marine-mechanical-foreman,31,Missing requirements section
Marine Mechanical Foreman,https://outreachrecruitment.net/jobs/marine-mechanical-foreman,31,Missing offer/benefits section
Marine Mechanical Foreman,https://outreachrecruitment.net/jobs/marine-mechanical-foreman,31,Missing strong apply CTA
Marine Mechanical Foreman,https://outreachrecruitment.net/jobs/marine-mechanical-foreman,31,Salary/baseSalary missing or not specific
Plate Shop Foreman,https://outreachrecruitment.net/jobs/plate-shop-foreman,32,Job content is very short (32 words)
Plate Shop Foreman,https://outreachrecruitment.net/jobs/plate-shop-foreman,32,Missing responsibilities section
Plate Shop Foreman,https://outreachrecruitment.net/jobs/plate-shop-foreman,32,Missing requirements section
Plate Shop Foreman,https://outreachrecruitment.net/jobs/plate-shop-foreman,32,Missing offer/benefits section
Plate Shop Foreman,https://outreachrecruitment.net/jobs/plate-shop-foreman,32,Missing strong apply CTA
Plate Shop Foreman,https://outreachrecruitment.net/jobs/plate-shop-foreman,32,Salary/baseSalary missing or not specific
Administration Specialist,https://outreachrecruitment.net/jobs/administration-specialist,29,Job content is very short (29 words)
Administration Specialist,https://outreachrecruitment.net/jobs/administration-specialist,29,Missing responsibilities section
Administration Specialist,https://outreachrecruitment.net/jobs/administration-specialist,29,Missing requirements section
Administration Specialist,https://outreachrecruitment.net/jobs/administration-specialist,29,Missing offer/benefits section
Administration Specialist,https://outreachrecruitment.net/jobs/administration-specialist,29,Missing strong apply CTA
Administration Specialist,https://outreachrecruitment.net/jobs/administration-specialist,29,Salary/baseSalary missing or not specific
Client Accountant,https://outreachrecruitment.net/jobs/client-accountant-2,4739,Salary/baseSalary missing or not specific
QHSE Manager,https://outreachrecruitment.net/jobs/qhse-manager-malta,4923,Salary/baseSalary missing or not specific
Application Developer (Drupal),https://outreachrecruitment.net/jobs/application-developer-drupal,2180,Missing offer/benefits section
Application Developer (Drupal),https://outreachrecruitment.net/jobs/application-developer-drupal,2180,Salary/baseSalary missing or not specific
"Fleet, Tools and Facility Manager",https://outreachrecruitment.net/jobs/fleet-tools-facility-manager,4910,Salary/baseSalary missing or not specific
Sales Office Coordinator,https://outreachrecruitment.net/jobs/sales-office-coordinator,5031,Salary/baseSalary missing or not specific
Customer Contact Agent,https://outreachrecruitment.net/jobs/customer-contact-agent,4988,Salary/baseSalary missing or not specific
HR Administration Officer,https://outreachrecruitment.net/jobs/hr-administration-officer,4801,Salary/baseSalary missing or not specific
Project Manager,https://outreachrecruitment.net/jobs/project-manager,4786,Salary/baseSalary missing or not specific
Purchasing Officer,https://outreachrecruitment.net/jobs/purchasing-officer,4727,Salary/baseSalary missing or not specific
Estimator,https://outreachrecruitment.net/jobs/estimator,4946,Salary/baseSalary missing or not specific
HSSE Coordinator,https://outreachrecruitment.net/jobs/hsse-coordinator,5104,Salary/baseSalary missing or not specific
Housekeeper,https://outreachrecruitment.net/jobs/housekeeper,4439,Salary/baseSalary missing or not specific
Driver / Runner / Washer,https://outreachrecruitment.net/jobs/driver-runner-washer,4917,Salary/baseSalary missing or not specific
Supervisor,https://outreachrecruitment.net/jobs/supervisor,4470,Salary/baseSalary missing or not specific
Customer Operations Associate,https://outreachrecruitment.net/jobs/customer-operations-associate,4779,Salary/baseSalary missing or not specific
Structural Engineer,https://outreachrecruitment.net/jobs/structural-engineer,4637,Salary/baseSalary missing or not specific
Senior Quantity Estimator (M&E),https://outreachrecruitment.net/jobs/senior-quantity-estimator-me,5066,Salary/baseSalary missing or not specific
Sales Representative in Renewables,https://outreachrecruitment.net/jobs/sales-representative-in-renewables,5031,Salary/baseSalary missing or not specific
HVAC Project Manager,https://outreachrecruitment.net/jobs/hvac-project-manager,5056,Salary/baseSalary missing or not specific
HVAC Sales Representative,https://outreachrecruitment.net/jobs/hvac-sales-representative,5043,Salary/baseSalary missing or not specific
Maintenance Technician - Electrical Licence A or B),https://outreachrecruitment.net/jobs/maintenance-technician-electrical-licence-a-or-b,4785,Salary/baseSalary missing or not specific
IT Support Executive,https://outreachrecruitment.net/jobs/it-support-executive,4981,Salary/baseSalary missing or not specific
General Maintenance Technician,https://outreachrecruitment.net/jobs/general-maintenance-technician,5012,Salary/baseSalary missing or not specific
Counter assistant,https://outreachrecruitment.net/jobs/counter-assistant,4602,Salary/baseSalary missing or not specific
Kitchen Assistant,https://outreachrecruitment.net/jobs/kitchen-assistant,4616,Salary/baseSalary missing or not specific
Heavy Machine Operator,https://outreachrecruitment.net/jobs/heavy-machine-operator,4823,Salary/baseSalary missing or not specific
Housekeeping Attendant,https://outreachrecruitment.net/jobs/housekeeping-attendant,4860,Salary/baseSalary missing or not specific
Accounts Payable,https://outreachrecruitment.net/jobs/accounts-payable,4843,Salary/baseSalary missing or not specific
Tax Manager,https://outreachrecruitment.net/jobs/tax-manager,4784,Salary/baseSalary missing or not specific
Automotive Service Advisor,https://outreachrecruitment.net/jobs/automotive-service-advisor,4550,Salary/baseSalary missing or not specific
High Voltage Motor Vehicle Technician,https://outreachrecruitment.net/jobs/high-voltage-motor-vehicle-technician,4912,Salary/baseSalary missing or not specific
Customer Contact Centre Representative,https://outreachrecruitment.net/jobs/customer-contact-centre-representative,4777,Salary/baseSalary missing or not specific
Builders and Shutterers,https://outreachrecruitment.net/jobs/builders-and-shutterers,5124,Salary/baseSalary missing or not specific
Draughtsperson,https://outreachrecruitment.net/jobs/draughtsperson,4434,Salary/baseSalary missing or not specific
Associate Tax Advisor,https://outreachrecruitment.net/jobs/associate-tax-advisor,4520,Salary/baseSalary missing or not specific
Customer Care Associate,https://outreachrecruitment.net/jobs/customer-care-associate,4741,Salary/baseSalary missing or not specific
Sales Executive - Luxury Retail,https://outreachrecruitment.net/jobs/sales-executive-luxury-retail,4839,Salary/baseSalary missing or not specific
Bottling Operator,https://outreachrecruitment.net/jobs/bottling-operator,4515,Salary/baseSalary missing or not specific
Motor Vehicle Mechanic/Technician,https://outreachrecruitment.net/jobs/motor-vehicle-mechanictechnician,4991,Salary/baseSalary missing or not specific
Automotive Parts Personnel,https://outreachrecruitment.net/jobs/automotive-parts-personnel,4684,Salary/baseSalary missing or not specific
Corporate Insurance Associate,https://outreachrecruitment.net/jobs/corporate-insurance-associate,4555,Salary/baseSalary missing or not specific
Delivery Driver - Malta C License,https://outreachrecruitment.net/jobs/delivery-driver-malta-c-license,4575,Salary/baseSalary missing or not specific
Health Claims Associate,https://outreachrecruitment.net/jobs/health-claims-associate,4726,Salary/baseSalary missing or not specific
Delivery Drivers - C1 Malta License,https://outreachrecruitment.net/jobs/delivery-drivers-c1-malta-license,4566,Salary/baseSalary missing or not specific
Auditor,https://outreachrecruitment.net/jobs/auditor,4554,Salary/baseSalary missing or not specific
CNC Machine Operator,https://outreachrecruitment.net/jobs/cnc-machine-operator,4730,Salary/baseSalary missing or not specific
Room Attendents,https://outreachrecruitment.net/jobs/room-attendents,4662,Salary/baseSalary missing or not specific
Finance Associate,https://outreachrecruitment.net/jobs/finance-associate,4537,Salary/baseSalary missing or not specific
Delivery Person with Driving Licence C1,https://outreachrecruitment.net/jobs/delivery-person-with-driving-licence-c1,4648,Salary/baseSalary missing or not specific
Commercial Insurance Associate,https://outreachrecruitment.net/jobs/commercial-insurance-associate,4945,Salary/baseSalary missing or not specific
Aluminum Install and Fabrication Foreman,https://outreachrecruitment.net/jobs/aluminum-install-and-fabrication-foreman,4644,Salary/baseSalary missing or not specific
Audit Senior,https://outreachrecruitment.net/jobs/audit-senior,4652,Salary/baseSalary missing or not specific
Product Owner - Hybrid,https://outreachrecruitment.net/jobs/product-owner-hybrid,4786,Salary/baseSalary missing or not specific
Volvo Penta Mechanic,https://outreachrecruitment.net/jobs/volvo-penta-mechanic,4636,Salary/baseSalary missing or not specific
Sign Assembler & Installer,https://outreachrecruitment.net/jobs/sign-assembler-installer,4439,Salary/baseSalary missing or not specific
Hotel Porter,https://outreachrecruitment.net/jobs/hotel-porter,4486,Salary/baseSalary missing or not specific
Boat Maintenance,https://outreachrecruitment.net/jobs/boat-maintenance,4588,Salary/baseSalary missing or not specific
First Line Support - Hybrid,https://outreachrecruitment.net/jobs/first-line-support-hybrid,5000,Salary/baseSalary missing or not specific
Semi-Senior Accountant,https://outreachrecruitment.net/jobs/semi-senior-accountant,4669,Salary/baseSalary missing or not specific
Sales Executive,https://outreachrecruitment.net/jobs/sales-executive-2,4880,Salary/baseSalary missing or not specific
Housekeeper,https://outreachrecruitment.net/jobs/housekeeper-2,4434,Salary/baseSalary missing or not specific
Accounts Senior,https://outreachrecruitment.net/jobs/accounts-senior-2,5078,Salary/baseSalary missing or not specific
