title_a,url_a,title_b,url_b,similarity
Delivery Driver - Malta C License,https://outreachrecruitment.net/jobs/delivery-driver-malta-c-license,Delivery Drivers - C1 Malta License,https://outreachrecruitment.net/jobs/delivery-drivers-c1-malta-license,0.91
Project Manager,https://outreachrecruitment.net/jobs/project-manager,HVAC Project Manager,https://outreachrecruitment.net/jobs/hvac-project-manager,0.86
Customer Care Agent,https://outreachrecruitment.net/jobs/customer-care-agent,Customer Contact Agent,https://outreachrecruitment.net/jobs/customer-contact-agent,0.83
Heavy Machine Operator,https://outreachrecruitment.net/jobs/heavy-machine-operator,CNC Machine Operator,https://outreachrecruitment.net/jobs/cnc-machine-operator,0.81
Corporate Insurance Associate,https://outreachrecruitment.net/jobs/corporate-insurance-associate,Commercial Insurance Associate,https://outreachrecruitment.net/jobs/commercial-insurance-associate,0.81
Marine Mechanical Engineer,https://outreachrecruitment.net/jobs/marine-mechanical-engineer,Marine Mechanical Foreman,https://outreachrecruitment.net/jobs/marine-mechanical-foreman,0.78
HVAC Technician,https://outreachrecruitment.net/jobs/hvac-technician,Head of HVAC Technicians,https://outreachrecruitment.net/jobs/head-of-hvac-technicians,0.77
Customer Operations Associate,https://outreachrecruitment.net/jobs/customer-operations-associate,Customer Care Associate,https://outreachrecruitment.net/jobs/customer-care-associate,0.77
Customer Care Agent,https://outreachrecruitment.net/jobs/customer-care-agent,Customer Care Associate,https://outreachrecruitment.net/jobs/customer-care-associate,0.76
Marine Carpenter,https://outreachrecruitment.net/jobs/marine-carpenter,Marine Turner,https://outreachrecruitment.net/jobs/marine-turner,0.76
Front Office Executive,https://outreachrecruitment.net/jobs/front-office-executive,Front Office Agent,https://outreachrecruitment.net/jobs/front-office-agent,0.75
Sales Office Coordinator,https://outreachrecruitment.net/jobs/sales-office-coordinator,HSSE Coordinator,https://outreachrecruitment.net/jobs/hsse-coordinator,0.75
Auditor,https://outreachrecruitment.net/jobs/auditor,Audit Senior,https://outreachrecruitment.net/jobs/audit-senior,0.74
Audit Senior,https://outreachrecruitment.net/jobs/audit-senior,Accounts Senior,https://outreachrecruitment.net/jobs/accounts-senior-2,0.74
Storekeeper,https://outreachrecruitment.net/jobs/storekeeper-zebbug,Housekeeper,https://outreachrecruitment.net/jobs/housekeeper,0.73
Storekeeper,https://outreachrecruitment.net/jobs/storekeeper-zebbug,Housekeeper,https://outreachrecruitment.net/jobs/housekeeper-2,0.73
Night Cleaner,https://outreachrecruitment.net/jobs/night-cleaner,Tank Cleaner,https://outreachrecruitment.net/jobs/tank-cleaner,0.72
Purchasing Manager,https://outreachrecruitment.net/jobs/purchasing-manager,Purchasing Officer,https://outreachrecruitment.net/jobs/purchasing-officer,0.72
