date,title,slug,url,type,source,status,ok,response
2026-06-30T22:14:06,Electrician or Instrumentation Technician (Licence A),electrician-or-instrumentation-technician-licence-a,https://outreachrecruitment.net/jobs/electrician-or-instrumentation-technician-licence-a,URL_DELETED,auto_close,200,True,"{
  ""urlNotificationMetadata"": {
    ""url"": ""https://outreachrecruitment.net/jobs/electrician-or-instrumentation-technician-licence-a""
  }
}
"
2026-07-01T10:39:37,Driver License B,driver-license-b,https://outreachrecruitment.net/jobs/driver-license-b,URL_UPDATED,auto_fix_added,200,True,"{
  ""urlNotificationMetadata"": {
    ""url"": ""https://outreachrecruitment.net/jobs/driver-license-b""
  }
}
"
2026-07-01T10:39:37,General Labourer,general-labourer,https://outreachrecruitment.net/jobs/general-labourer,URL_UPDATED,auto_fix_added,200,True,"{
  ""urlNotificationMetadata"": {
    ""url"": ""https://outreachrecruitment.net/jobs/general-labourer""
  }
}
"
2026-07-01T10:39:37,Tank Cleaner,tank-cleaner,https://outreachrecruitment.net/jobs/tank-cleaner,URL_UPDATED,auto_fix_added,200,True,"{
  ""urlNotificationMetadata"": {
    ""url"": ""https://outreachrecruitment.net/jobs/tank-cleaner""
  }
}
"
2026-07-01T10:39:37,Welder / Burner / Pipe Fitter,welder-burner-pipe-fitter,https://outreachrecruitment.net/jobs/welder-burner-pipe-fitter,URL_UPDATED,auto_fix_added,200,True,"{
  ""urlNotificationMetadata"": {
    ""url"": ""https://outreachrecruitment.net/jobs/welder-burner-pipe-fitter""
  }
}
"
2026-07-01T10:39:37,Shipyard Sprayer / Painter,shipyard-sprayer-painter,https://outreachrecruitment.net/jobs/shipyard-sprayer-painter,URL_UPDATED,auto_fix_added,200,True,"{
  ""urlNotificationMetadata"": {
    ""url"": ""https://outreachrecruitment.net/jobs/shipyard-sprayer-painter""
  }
}
"
2026-07-01T10:39:37,Marine Carpenter,marine-carpenter,https://outreachrecruitment.net/jobs/marine-carpenter,URL_UPDATED,auto_fix_added,200,True,"{
  ""urlNotificationMetadata"": {
    ""url"": ""https://outreachrecruitment.net/jobs/marine-carpenter""
  }
}
"
2026-07-01T10:39:37,Electronic Technician,electronic-technician,https://outreachrecruitment.net/jobs/electronic-technician,URL_UPDATED,auto_fix_added,200,True,"{
  ""urlNotificationMetadata"": {
    ""url"": ""https://outreachrecruitment.net/jobs/electronic-technician""
  }
}
"
2026-07-01T10:39:37,Commercial Divers,commercial-divers,https://outreachrecruitment.net/jobs/commercial-divers,URL_UPDATED,auto_fix_added,200,True,"{
  ""urlNotificationMetadata"": {
    ""url"": ""https://outreachrecruitment.net/jobs/commercial-divers""
  }
}
"
2026-07-01T10:39:37,Trailer Drivers,trailer-drivers,https://outreachrecruitment.net/jobs/trailer-drivers,URL_UPDATED,auto_fix_added,200,True,"{
  ""urlNotificationMetadata"": {
    ""url"": ""https://outreachrecruitment.net/jobs/trailer-drivers""
  }
}
"
2026-07-01T10:39:37,Purchasing Manager,purchasing-manager,https://outreachrecruitment.net/jobs/purchasing-manager,URL_UPDATED,auto_fix_added,200,True,"{
  ""urlNotificationMetadata"": {
    ""url"": ""https://outreachrecruitment.net/jobs/purchasing-manager""
  }
}
"
2026-07-01T10:39:37,Crew Concierge,crew-concierge,https://outreachrecruitment.net/jobs/crew-concierge,URL_UPDATED,auto_fix_added,200,True,"{
  ""urlNotificationMetadata"": {
    ""url"": ""https://outreachrecruitment.net/jobs/crew-concierge""
  }
}
"
2026-07-01T10:39:37,Quality Engineer,quality-engineer,https://outreachrecruitment.net/jobs/quality-engineer,URL_UPDATED,auto_fix_added,200,True,"{
  ""urlNotificationMetadata"": {
    ""url"": ""https://outreachrecruitment.net/jobs/quality-engineer""
  }
}
"
2026-07-01T10:39:37,"Fleet, Tools and Facility Manager",fleet-tools-and-facility-manager,https://outreachrecruitment.net/jobs/fleet-tools-and-facility-manager,URL_UPDATED,auto_fix_added,200,True,"{
  ""urlNotificationMetadata"": {
    ""url"": ""https://outreachrecruitment.net/jobs/fleet-tools-and-facility-manager""
  }
}
"
2026-07-01T10:39:37,Payables Finance Executive,payables-finance-executive,https://outreachrecruitment.net/jobs/payables-finance-executive,URL_UPDATED,auto_fix_added,200,True,"{
  ""urlNotificationMetadata"": {
    ""url"": ""https://outreachrecruitment.net/jobs/payables-finance-executive""
  }
}
"
2026-07-01T10:39:37,Marine Turner,marine-turner,https://outreachrecruitment.net/jobs/marine-turner,URL_UPDATED,auto_fix_added,200,True,"{
  ""urlNotificationMetadata"": {
    ""url"": ""https://outreachrecruitment.net/jobs/marine-turner""
  }
}
"
2026-07-01T10:39:37,Marine Mechanical Foreman,marine-mechanical-foreman,https://outreachrecruitment.net/jobs/marine-mechanical-foreman,URL_UPDATED,auto_fix_added,200,True,"{
  ""urlNotificationMetadata"": {
    ""url"": ""https://outreachrecruitment.net/jobs/marine-mechanical-foreman""
  }
}
"
2026-07-01T10:39:37,Plate Shop Foreman,plate-shop-foreman,https://outreachrecruitment.net/jobs/plate-shop-foreman,URL_UPDATED,auto_fix_added,200,True,"{
  ""urlNotificationMetadata"": {
    ""url"": ""https://outreachrecruitment.net/jobs/plate-shop-foreman""
  }
}
"
2026-07-01T10:39:37,Administration Specialist,administration-specialist,https://outreachrecruitment.net/jobs/administration-specialist,URL_UPDATED,auto_fix_added,200,True,"{
  ""urlNotificationMetadata"": {
    ""url"": ""https://outreachrecruitment.net/jobs/administration-specialist""
  }
}
"
2026-07-01T10:39:37,Project Manager,project-manager-2,https://outreachrecruitment.net/jobs/project-manager-2,URL_UPDATED,auto_fix_added,200,True,"{
  ""urlNotificationMetadata"": {
    ""url"": ""https://outreachrecruitment.net/jobs/project-manager-2""
  }
}
"
2026-07-01T10:39:37,Account Manager,account-manager-2,https://outreachrecruitment.net/jobs/account-manager-2,URL_UPDATED,auto_fix_added,200,True,"{
  ""urlNotificationMetadata"": {
    ""url"": ""https://outreachrecruitment.net/jobs/account-manager-2""
  }
}
"
