title,slug,url,status,ok,clicks,impressions,ctr,position,top_query,target_keyword,target_query_visible,queries,error
Front Office Executive,front-office-executive,https://outreachrecruitment.net/jobs/front-office-executive,200,True,0,0,0,0,,Front Office Executive jobs in Malta,False,,
Italian Restaurant – Multiple Hospitality Positions,italian-restaurant-hospitality-positions-dubai,https://outreachrecruitment.net/jobs/italian-restaurant-hospitality-positions-dubai,200,True,0,0,0,0,,Italian Restaurant – Multiple Hospitality Positions jobs in Malta,False,,
Junior Administrative Executive,junior-administrative-executive,https://outreachrecruitment.net/jobs/junior-administrative-executive,200,True,0,0,0,0,,Junior Administrative Executive jobs in Malta,False,,
Crane Installer,crane-installer,https://outreachrecruitment.net/jobs/crane-installer,200,True,0,0,0,0,,Crane Installer jobs in Malta,False,,
Beauty Specialist / Nail Technician,beauty-specialist-nail-technician,https://outreachrecruitment.net/jobs/beauty-specialist-nail-technician,200,True,0,0,0,0,,Beauty Specialist / Nail Technician jobs in Malta,False,,
Marine Mechanical Engineer,marine-mechanical-engineer,https://outreachrecruitment.net/jobs/marine-mechanical-engineer,200,True,0,0,0,0,,Marine Mechanical Engineer jobs in Malta,False,,
Maintenance Manager,maintenance-manager-mellieha,https://outreachrecruitment.net/jobs/maintenance-manager-mellieha,200,True,0,0,0,0,,Maintenance Manager jobs in Malta,False,,
Restaurant Manager - Italian Speaking,restaurant-manager-italian-speaking,https://outreachrecruitment.net/jobs/restaurant-manager-italian-speaking,200,True,0,0,0,0,,Restaurant Manager - Italian Speaking jobs in Malta,False,,
Gypsum Installers,gypsum-installers,https://outreachrecruitment.net/jobs/gypsum-installers,200,True,0,0,0,0,,Gypsum Installers jobs in Malta,False,,
Mini Bus Driver – Licence D,mini-bus-driver-licence-d,https://outreachrecruitment.net/jobs/mini-bus-driver-licence-d,200,True,0,8,0.0,3.4,bus driver job in malta,Mini Bus Driver – Licence D jobs in Malta,False,bus driver job in malta; bus driver jobs in malta; outreach recruitment bus driver,
Proposal Engineer – Energy Solutions,proposal-engineer-energy-solutions,https://outreachrecruitment.net/jobs/proposal-engineer-energy-solutions,200,True,0,2,0.0,5.0,energy engineering,Proposal Engineer – Energy Solutions jobs in Malta,True,energy engineering; proposal engineer,
Head Chef in Gozo,head-chef-in-gozo,https://outreachrecruitment.net/jobs/head-chef-in-gozo,200,True,0,0,0,0,,Head Chef in Gozo jobs in Malta,False,,
Storekeeper,storekeeper-zebbug,https://outreachrecruitment.net/jobs/storekeeper-zebbug,200,True,0,2,0.0,5.0,storekeeper,Storekeeper jobs in Malta,False,storekeeper,
Driver License B,driver-license-b,https://outreachrecruitment.net/jobs/driver-license-b,200,True,1,3,0.3333,4.0,outreach malta,Driver License B jobs in Malta,False,outreach malta; outreach recruitment malta; what is a category b licence,
Forklift Operator,forklift-operator,https://outreachrecruitment.net/jobs/forklift-operator,200,True,0,10,0.0,7.0,forklift driver jobs,Forklift Operator jobs in Malta,True,forklift driver jobs; forklift hiring; forklift jobs in malta; forklift operator; forklift operator jobs; forklift operator jobs in malta; warehouse forklift jobs,
Front Office Agent,front-office-agent,https://outreachrecruitment.net/jobs/front-office-agent,200,True,0,3,0.0,15.0,jobs,Front Office Agent jobs in Malta,False,jobs,
Head of Spa,head-of-spa-2,https://outreachrecruitment.net/jobs/head-of-spa-2,200,True,0,0,0,0,,Head of Spa jobs in Malta,False,,
Night Cleaner,night-cleaner,https://outreachrecruitment.net/jobs/night-cleaner,200,True,0,0,0,0,,Night Cleaner jobs in Malta,False,,
Banqueting F&B Supervisor,banqueting-fb-supervisor,https://outreachrecruitment.net/jobs/banqueting-fb-supervisor,200,True,1,1,1.0,6.0,banqueting supervisor,Banqueting F&B Supervisor jobs in Malta,False,banqueting supervisor,
Assistance Operations Coordinator,assistance-operations-coordinator,https://outreachrecruitment.net/jobs/assistance-operations-coordinator,200,True,0,0,0,0,,Assistance Operations Coordinator jobs in Malta,False,,
Procurement Officer,procurement-officer,https://outreachrecruitment.net/jobs/procurement-officer,200,True,1,5,0.2,14.0,procurement jobs malta,Procurement Officer jobs in Malta,True,procurement jobs malta; procurement officer,
Operations Supervisor,operations-supervisor,https://outreachrecruitment.net/jobs/operations-supervisor,200,True,0,0,0,0,,Operations Supervisor jobs in Malta,False,,
Heavy Equipment Mechanic,heavy-equipment-mechanic-2,https://outreachrecruitment.net/jobs/heavy-equipment-mechanic-2,200,True,0,0,0,0,,Heavy Equipment Mechanic jobs in Malta,False,,
Learning & Development Executive - Hybrid,learning-development-executive-hybrid,https://outreachrecruitment.net/jobs/learning-development-executive-hybrid,200,True,0,2,0.0,25.0,workers agency ta xbiex,Learning & Development Executive - Hybrid jobs in Malta,False,workers agency ta xbiex,
Payment Clearing Specialist,payment-clearing-specialist,https://outreachrecruitment.net/jobs/payment-clearing-specialist,200,True,0,0,0,0,,Payment Clearing Specialist jobs in Malta,False,,
Auto Electrician (Heavy Vehicles),auto-electrician-heavy-vehicles,https://outreachrecruitment.net/jobs/auto-electrician-heavy-vehicles,200,True,0,1,0.0,1.0,yes,Auto Electrician (Heavy Vehicles) jobs in Malta,False,yes,
Heavy Equipment Mechanic,heavy-equipment-mechanic,https://outreachrecruitment.net/jobs/heavy-equipment-mechanic,200,True,0,0,0,0,,Heavy Equipment Mechanic jobs in Malta,False,,
Steel Shutter Installer,steel-shutter-installer,https://outreachrecruitment.net/jobs/steel-shutter-installer,200,True,0,0,0,0,,Steel Shutter Installer jobs in Malta,False,,
Junior Revenue & Accounts Analyst,junior-revenue-accounts-analyst,https://outreachrecruitment.net/jobs/junior-revenue-accounts-analyst,200,True,0,0,0,0,,Junior Revenue & Accounts Analyst jobs in Malta,False,,
Public Area Cleaner,public-area-cleaner,https://outreachrecruitment.net/jobs/public-area-cleaner,200,True,0,0,0,0,,Public Area Cleaner jobs in Malta,False,,
Head Chef,head-chef-steakhouse,https://outreachrecruitment.net/jobs/head-chef-steakhouse,200,True,0,0,0,0,,Head Chef jobs in Malta,False,,
Senior Waiter / Sommelier,senior-waiter-sommelier,https://outreachrecruitment.net/jobs/senior-waiter-sommelier,200,True,0,6,0.0,6.2,senior sommelier,Senior Waiter / Sommelier jobs in Malta,True,senior sommelier; senior waiter duties and responsibilities; senior waiter job description; senior waiter responsibilities,
Deli Counter Assistant / Salumeria Specialist,deli-counter-assistant-salumeria-specialist,https://outreachrecruitment.net/jobs/deli-counter-assistant-salumeria-specialist,200,True,0,17,0.0,8.4,deli assistant,Deli Counter Assistant / Salumeria Specialist jobs in Malta,True,deli assistant; deli assistant jobs; deli counter assistant; deli staff,
Chef De Partie,chef-de-partie-4,https://outreachrecruitment.net/jobs/chef-de-partie-4,200,True,0,0,0,0,,Chef De Partie jobs in Malta,False,,
Kitchen Helper,kitchen-helper,https://outreachrecruitment.net/jobs/kitchen-helper,200,True,0,13,0.0,10.0,agency for kitchen staff,Kitchen Helper jobs in Malta,True,agency for kitchen staff; chef helper; cook helper; kitchen hand job; kitchen helper; kitchen helper jobs in malta; kitchen jobs in malta,
Ship Chandler,ship-chandler,https://outreachrecruitment.net/jobs/ship-chandler,200,True,0,0,0,0,,Ship Chandler jobs in Malta,False,,
Fleet Mechanical Superintendent,fleet-mechanical-superintendent,https://outreachrecruitment.net/jobs/fleet-mechanical-superintendent,200,True,0,4,0.0,6.5,fleet positions,Fleet Mechanical Superintendent jobs in Malta,False,fleet positions; fleet superintendent; fleet superintendent jobs; malta,
Customer Care Agent,customer-care-agent,https://outreachrecruitment.net/jobs/customer-care-agent,200,True,0,7,0.0,18.0,customer care job,Customer Care Agent jobs in Malta,False,customer care job; customer care jobs; customer service jobs in malta; outreach malta; outreach recruitment malta; recruitment companies; webflow agency malta,
HVAC Technician,hvac-technician,https://outreachrecruitment.net/jobs/hvac-technician,200,True,0,0,0,0,,HVAC Technician jobs in Malta,False,,
Delivery Man,delivery-man,https://outreachrecruitment.net/jobs/delivery-man,200,True,0,0,0,0,,Delivery Man jobs in Malta,False,,
Head of HVAC Technicians,head-of-hvac-technicians,https://outreachrecruitment.net/jobs/head-of-hvac-technicians,200,True,0,0,0,0,,Head of HVAC Technicians jobs in Malta,False,,
Tank Cleaner,tank-cleaner,https://outreachrecruitment.net/jobs/tank-cleaner,200,True,0,0,0,0,,Tank Cleaner jobs in Malta,False,,
Welder / Burner / Pipe Fitter,welder-burner-pipe-fitter,https://outreachrecruitment.net/jobs/welder-burner-pipe-fitter,200,True,0,0,0,0,,Welder / Burner / Pipe Fitter jobs in Malta,False,,
Shipyard Sprayer / Painter,shipyard-sprayer-painter,https://outreachrecruitment.net/jobs/shipyard-sprayer-painter,200,True,0,0,0,0,,Shipyard Sprayer / Painter jobs in Malta,False,,
Marine Carpenter,marine-carpenter,https://outreachrecruitment.net/jobs/marine-carpenter,200,True,0,0,0,0,,Marine Carpenter jobs in Malta,False,,
Electronic Technician,electronic-technician,https://outreachrecruitment.net/jobs/electronic-technician,200,True,0,0,0,0,,Electronic Technician jobs in Malta,False,,
Commercial Divers,commercial-divers,https://outreachrecruitment.net/jobs/commercial-divers,200,True,0,0,0,0,,Commercial Divers jobs in Malta,False,,
Trailer Drivers,trailer-drivers,https://outreachrecruitment.net/jobs/trailer-drivers,200,True,2,61,0.0328,2.9,outreach recruitment malta,Trailer Drivers jobs in Malta,False,outreach recruitment malta; trailers jobs; delivery driver recruitment company in malta; general logistics; give me the list of companies; outreach malta; outreach recruitment; trailer driver; trailer driver job; yes,
Purchasing Manager,purchasing-manager,https://outreachrecruitment.net/jobs/purchasing-manager,200,True,0,0,0,0,,Purchasing Manager jobs in Malta,False,,
Quality Engineer,quality-engineer,https://outreachrecruitment.net/jobs/quality-engineer,200,True,0,0,0,0,,Quality Engineer jobs in Malta,False,,
Marine Turner,marine-turner,https://outreachrecruitment.net/jobs/marine-turner,200,True,0,0,0,0,,Marine Turner jobs in Malta,False,,
Marine Mechanical Foreman,marine-mechanical-foreman,https://outreachrecruitment.net/jobs/marine-mechanical-foreman,200,True,0,0,0,0,,Marine Mechanical Foreman jobs in Malta,False,,
Plate Shop Foreman,plate-shop-foreman,https://outreachrecruitment.net/jobs/plate-shop-foreman,200,True,0,0,0,0,,Plate Shop Foreman jobs in Malta,False,,
Administration Specialist,administration-specialist,https://outreachrecruitment.net/jobs/administration-specialist,200,True,0,0,0,0,,Administration Specialist jobs in Malta,False,,
Client Accountant,client-accountant-2,https://outreachrecruitment.net/jobs/client-accountant-2,200,True,0,0,0,0,,Client Accountant jobs in Malta,False,,
QHSE Manager,qhse-manager-malta,https://outreachrecruitment.net/jobs/qhse-manager-malta,200,True,0,0,0,0,,QHSE Manager jobs in Malta,False,,
Application Developer (Drupal),application-developer-drupal,https://outreachrecruitment.net/jobs/application-developer-drupal,200,True,0,7,0.0,14.1,drupal jobs,Application Developer (Drupal) jobs in Malta,False,drupal jobs; drupal malta; php developer jobs in malta; php developer malta,
"Fleet, Tools and Facility Manager",fleet-tools-facility-manager,https://outreachrecruitment.net/jobs/fleet-tools-facility-manager,200,True,0,0,0,0,,"Fleet, Tools and Facility Manager jobs in Malta",False,,
Sales Office Coordinator,sales-office-coordinator,https://outreachrecruitment.net/jobs/sales-office-coordinator,200,True,0,0,0,0,,Sales Office Coordinator jobs in Malta,False,,
Customer Contact Agent,customer-contact-agent,https://outreachrecruitment.net/jobs/customer-contact-agent,200,True,1,63,0.0159,7.8,outreach recruitment,Customer Contact Agent jobs in Malta,True,outreach recruitment; call center careers; contact jobs; customer care agent jobs; customer care careers; customer care job; customer care jobs; customer service recruiter; customer service representative malta; outreach malta,
HR Administration Officer,hr-administration-officer,https://outreachrecruitment.net/jobs/hr-administration-officer,200,True,0,2,0.0,24.5,hr administrator vacancies,HR Administration Officer jobs in Malta,False,hr administrator vacancies; paola job,
Project Manager,project-manager,https://outreachrecruitment.net/jobs/project-manager,200,True,0,7,0.0,34.1,project management recruitment,Project Manager jobs in Malta,True,project management recruitment; project manager jobs; project manager recruitment agency,
Purchasing Officer,purchasing-officer,https://outreachrecruitment.net/jobs/purchasing-officer,200,True,0,3,0.0,10.7,procurement jobs malta,Purchasing Officer jobs in Malta,True,procurement jobs malta; purchasing officer vacancy,
Estimator,estimator,https://outreachrecruitment.net/jobs/estimator,200,True,1,2,0.5,2.0,estimator jobs near me,Estimator jobs in Malta,False,estimator jobs near me; estimators,
HSSE Coordinator,hsse-coordinator,https://outreachrecruitment.net/jobs/hsse-coordinator,200,True,0,2,0.0,8.5,jobs in paola,HSSE Coordinator jobs in Malta,False,jobs in paola; paola job,
Housekeeper,housekeeper,https://outreachrecruitment.net/jobs/housekeeper,200,True,0,2,0.0,7.0,site:outreachrecruitment.net,Housekeeper jobs in Malta,False,site:outreachrecruitment.net,
Driver / Runner / Washer,driver-runner-washer,https://outreachrecruitment.net/jobs/driver-runner-washer,200,True,0,0,0,0,,Driver / Runner / Washer jobs in Malta,False,,
Supervisor,supervisor,https://outreachrecruitment.net/jobs/supervisor,200,True,0,0,0,0,,Supervisor jobs in Malta,False,,
Customer Operations Associate,customer-operations-associate,https://outreachrecruitment.net/jobs/customer-operations-associate,200,True,0,4,0.0,37.8,webflow case study malta,Customer Operations Associate jobs in Malta,False,webflow case study malta; webflow malta; workers agency ta xbiex,
Structural Engineer,structural-engineer,https://outreachrecruitment.net/jobs/structural-engineer,200,True,1,6,0.1667,17.5,structural engineer job,Structural Engineer jobs in Malta,False,structural engineer job; automotive structural engineer recruitment agency; structural engineer malta; structural engineer vacancy,
Senior Quantity Estimator (M&E),senior-quantity-estimator-me,https://outreachrecruitment.net/jobs/senior-quantity-estimator-me,200,True,0,0,0,0,,Senior Quantity Estimator (M&E) jobs in Malta,False,,
Sales Representative in Renewables,sales-representative-in-renewables,https://outreachrecruitment.net/jobs/sales-representative-in-renewables,200,True,0,0,0,0,,Sales Representative in Renewables jobs in Malta,False,,
HVAC Project Manager,hvac-project-manager,https://outreachrecruitment.net/jobs/hvac-project-manager,200,True,0,0,0,0,,HVAC Project Manager jobs in Malta,False,,
HVAC Sales Representative,hvac-sales-representative,https://outreachrecruitment.net/jobs/hvac-sales-representative,200,True,0,0,0,0,,HVAC Sales Representative jobs in Malta,False,,
Maintenance Technician - Electrical Licence A or B),maintenance-technician-electrical-licence-a-or-b,https://outreachrecruitment.net/jobs/maintenance-technician-electrical-licence-a-or-b,200,True,0,0,0,0,,Maintenance Technician - Electrical Licence A or B) jobs in Malta,False,,
IT Support Executive,it-support-executive,https://outreachrecruitment.net/jobs/it-support-executive,200,True,0,2,0.0,30.5,recruitment agency in gzira malta,IT Support Executive jobs in Malta,False,recruitment agency in gzira malta,
General Maintenance Technician,general-maintenance-technician,https://outreachrecruitment.net/jobs/general-maintenance-technician,200,True,0,0,0,0,,General Maintenance Technician jobs in Malta,False,,
Counter assistant,counter-assistant,https://outreachrecruitment.net/jobs/counter-assistant,200,True,0,0,0,0,,Counter assistant jobs in Malta,False,,
Kitchen Assistant,kitchen-assistant,https://outreachrecruitment.net/jobs/kitchen-assistant,200,True,0,4,0.0,22.5,kitchen asistant,Kitchen Assistant jobs in Malta,False,kitchen asistant; kitchen assistant; webflow malta,
Heavy Machine Operator,heavy-machine-operator,https://outreachrecruitment.net/jobs/heavy-machine-operator,200,True,0,5,0.0,8.0,excavator operator jobs in malta,Heavy Machine Operator jobs in Malta,True,excavator operator jobs in malta; heavy equipment operator; heavy machines operator; machine operator,
Housekeeping Attendant,housekeeping-attendant,https://outreachrecruitment.net/jobs/housekeeping-attendant,200,True,0,2,0.0,10.5,malta housekeeping jobs,Housekeeping Attendant jobs in Malta,False,malta housekeeping jobs; outreach recruitment,
Accounts Payable,accounts-payable,https://outreachrecruitment.net/jobs/accounts-payable,200,True,0,0,0,0,,Accounts Payable jobs in Malta,False,,
Tax Manager,tax-manager,https://outreachrecruitment.net/jobs/tax-manager,200,True,0,0,0,0,,Tax Manager jobs in Malta,False,,
Automotive Service Advisor,automotive-service-advisor,https://outreachrecruitment.net/jobs/automotive-service-advisor,200,True,0,0,0,0,,Automotive Service Advisor jobs in Malta,False,,
High Voltage Motor Vehicle Technician,high-voltage-motor-vehicle-technician,https://outreachrecruitment.net/jobs/high-voltage-motor-vehicle-technician,200,True,0,2,0.0,11.5,high voltage engineer recruitment agency automotive,High Voltage Motor Vehicle Technician jobs in Malta,False,high voltage engineer recruitment agency automotive,
Audit Senior Associate,audit-senior-associate,https://outreachrecruitment.net/jobs/audit-senior-associate,200,True,0,0,0,0,,Audit Senior Associate jobs in Malta,False,,
Customer Contact Centre Representative,customer-contact-centre-representative,https://outreachrecruitment.net/jobs/customer-contact-centre-representative,200,True,0,0,0,0,,Customer Contact Centre Representative jobs in Malta,False,,
Builders and Shutterers,builders-and-shutterers,https://outreachrecruitment.net/jobs/builders-and-shutterers,200,True,0,1,0.0,33.0,construction jobs malta,Builders and Shutterers jobs in Malta,False,construction jobs malta,
Draughtsperson,draughtsperson,https://outreachrecruitment.net/jobs/draughtsperson,200,True,0,3,0.0,7.0,draughtsperson jobs,Draughtsperson jobs in Malta,False,draughtsperson jobs; site:outreachrecruitment.net,
Associate Tax Advisor,associate-tax-advisor,https://outreachrecruitment.net/jobs/associate-tax-advisor,200,True,0,0,0,0,,Associate Tax Advisor jobs in Malta,False,,
Customer Care Associate,customer-care-associate,https://outreachrecruitment.net/jobs/customer-care-associate,200,True,0,0,0,0,,Customer Care Associate jobs in Malta,False,,
Sales Executive - Luxury Retail,sales-executive-luxury-retail,https://outreachrecruitment.net/jobs/sales-executive-luxury-retail,200,True,0,2,0.0,16.0,luxury retail employment,Sales Executive - Luxury Retail jobs in Malta,False,luxury retail employment; luxury retail recruitment,
Bottling Operator,bottling-operator,https://outreachrecruitment.net/jobs/bottling-operator,200,True,0,0,0,0,,Bottling Operator jobs in Malta,False,,
Motor Vehicle Mechanic/Technician,motor-vehicle-mechanictechnician,https://outreachrecruitment.net/jobs/motor-vehicle-mechanictechnician,200,True,0,0,0,0,,Motor Vehicle Mechanic/Technician jobs in Malta,False,,
Automotive Parts Personnel,automotive-parts-personnel,https://outreachrecruitment.net/jobs/automotive-parts-personnel,200,True,0,0,0,0,,Automotive Parts Personnel jobs in Malta,False,,
Corporate Insurance Associate,corporate-insurance-associate,https://outreachrecruitment.net/jobs/corporate-insurance-associate,200,True,0,1,0.0,14.0,insurance recruitment agency malta,Corporate Insurance Associate jobs in Malta,False,insurance recruitment agency malta,
Wood Painting & Finishing Specialist,wood-painting-finishing-specialist,https://outreachrecruitment.net/jobs/wood-painting-finishing-specialist,200,True,0,4,0.0,8.2,finishing specialist,Wood Painting & Finishing Specialist jobs in Malta,False,finishing specialist; wood staining jobs,
Delivery Driver - Malta C License,delivery-driver-malta-c-license,https://outreachrecruitment.net/jobs/delivery-driver-malta-c-license,200,True,0,6,0.0,22.3,delivery driver jobs malta,Delivery Driver - Malta C License jobs in Malta,True,delivery driver jobs malta; delivery driver recruitment company in malta; delivery hire; food delivery jobs in malta,
Health Claims Associate,health-claims-associate,https://outreachrecruitment.net/jobs/health-claims-associate,200,True,0,0,0,0,,Health Claims Associate jobs in Malta,False,,
Delivery Drivers - C1 Malta License,delivery-drivers-c1-malta-license,https://outreachrecruitment.net/jobs/delivery-drivers-c1-malta-license,200,True,0,2,0.0,50.0,delivery driver recruitment company in malta,Delivery Drivers - C1 Malta License jobs in Malta,False,delivery driver recruitment company in malta,
Auditor,auditor,https://outreachrecruitment.net/jobs/auditor,200,True,0,10,0.0,21.8,auditor,Auditor jobs in Malta,False,auditor; auditor malta,
CNC Machine Operator,cnc-machine-operator,https://outreachrecruitment.net/jobs/cnc-machine-operator,200,True,3,51,0.0588,8.0,machine operator jobs in malta,CNC Machine Operator jobs in Malta,True,machine operator jobs in malta; cnc operator jobs in malta; cnc job; cnc machine operator; cnc machinist jobs; in malta; machine operator job; machine operator jobs; machine operator vacancies; malta cnc operator jobs,
Room Attendents,room-attendents,https://outreachrecruitment.net/jobs/room-attendents,200,True,0,0,0,0,,Room Attendents jobs in Malta,False,,
Finance Associate,finance-associate,https://outreachrecruitment.net/jobs/finance-associate,200,True,0,8,0.0,30.6,banking jobs malta recruitment,Finance Associate jobs in Malta,True,banking jobs malta recruitment; finance & legal recruitment malta; finance associate job description; finance recruitment agency malta; how to get finance jobs in malta; top finance recruiter malta,
Skilled Carpenters,skilled-carpenters,https://outreachrecruitment.net/jobs/skilled-carpenters,200,True,0,3,0.0,4.0,bangla,Skilled Carpenters jobs in Malta,False,bangla; carpenter job; yes,
Delivery Person with Driving Licence C1,delivery-person-with-driving-licence-c1,https://outreachrecruitment.net/jobs/delivery-person-with-driving-licence-c1,200,True,0,0,0,0,,Delivery Person with Driving Licence C1 jobs in Malta,False,,
Commercial Insurance Associate,commercial-insurance-associate,https://outreachrecruitment.net/jobs/commercial-insurance-associate,200,True,0,5,0.0,30.0,insurance recruitment agency malta,Commercial Insurance Associate jobs in Malta,False,insurance recruitment agency malta,
Aluminum Install and Fabrication Foreman,aluminum-install-and-fabrication-foreman,https://outreachrecruitment.net/jobs/aluminum-install-and-fabrication-foreman,200,True,1,14,0.0714,9.3,malta aluminium fabrication vacancy,Aluminum Install and Fabrication Foreman jobs in Malta,False,malta aluminium fabrication vacancy; aluminium fabrication; aluminium workers; foreman job,
Audit Senior,audit-senior,https://outreachrecruitment.net/jobs/audit-senior,200,True,0,0,0,0,,Audit Senior jobs in Malta,False,,
Product Owner - Hybrid,product-owner-hybrid,https://outreachrecruitment.net/jobs/product-owner-hybrid,200,True,0,0,0,0,,Product Owner - Hybrid jobs in Malta,False,,
Volvo Penta Mechanic,volvo-penta-mechanic,https://outreachrecruitment.net/jobs/volvo-penta-mechanic,200,True,0,0,0,0,,Volvo Penta Mechanic jobs in Malta,False,,
Sign Assembler & Installer,sign-assembler-installer,https://outreachrecruitment.net/jobs/sign-assembler-installer,200,True,0,0,0,0,,Sign Assembler & Installer jobs in Malta,False,,
Hotel Porter,hotel-porter,https://outreachrecruitment.net/jobs/hotel-porter,200,True,0,1,0.0,19.0,hotel porter,Hotel Porter jobs in Malta,False,hotel porter,
Boat Maintenance,boat-maintenance,https://outreachrecruitment.net/jobs/boat-maintenance,200,True,0,3,0.0,7.7,yacht maintenance jobs,Boat Maintenance jobs in Malta,False,yacht maintenance jobs,
First Line Support - Hybrid,first-line-support-hybrid,https://outreachrecruitment.net/jobs/first-line-support-hybrid,200,True,0,0,0,0,,First Line Support - Hybrid jobs in Malta,False,,
Semi-Senior Accountant,semi-senior-accountant,https://outreachrecruitment.net/jobs/semi-senior-accountant,200,True,0,1,0.0,8.0,semi senior accountant,Semi-Senior Accountant jobs in Malta,True,semi senior accountant,
Sales Executive,sales-executive-2,https://outreachrecruitment.net/jobs/sales-executive-2,200,True,0,0,0,0,,Sales Executive jobs in Malta,False,,
Housekeeper,housekeeper-2,https://outreachrecruitment.net/jobs/housekeeper-2,200,True,0,0,0,0,,Housekeeper jobs in Malta,False,,
Accounts Senior,accounts-senior-2,https://outreachrecruitment.net/jobs/accounts-senior-2,200,True,0,0,0,0,,Accounts Senior jobs in Malta,False,,
