title,url,problem
Front Office Executive,https://outreachrecruitment.net/jobs/front-office-executive,Indexed page has zero impressions in selected GSC window
Italian Restaurant – Multiple Hospitality Positions,https://outreachrecruitment.net/jobs/italian-restaurant-hospitality-positions-dubai,URL is unknown to Google
Junior Administrative Executive,https://outreachrecruitment.net/jobs/junior-administrative-executive,Indexed page has zero impressions in selected GSC window
Crane Installer,https://outreachrecruitment.net/jobs/crane-installer,URL is unknown to Google
Beauty Specialist / Nail Technician,https://outreachrecruitment.net/jobs/beauty-specialist-nail-technician,URL is unknown to Google
Marine Mechanical Engineer,https://outreachrecruitment.net/jobs/marine-mechanical-engineer,URL is unknown to Google
Maintenance Manager,https://outreachrecruitment.net/jobs/maintenance-manager-mellieha,URL is unknown to Google
Restaurant Manager - Italian Speaking,https://outreachrecruitment.net/jobs/restaurant-manager-italian-speaking,URL is unknown to Google
Gypsum Installers,https://outreachrecruitment.net/jobs/gypsum-installers,Indexed page has zero impressions in selected GSC window
Mini Bus Driver – Licence D,https://outreachrecruitment.net/jobs/mini-bus-driver-licence-d,Target keyword not visible in top Search Console queries
Head Chef in Gozo,https://outreachrecruitment.net/jobs/head-chef-in-gozo,Indexed page has zero impressions in selected GSC window
Storekeeper,https://outreachrecruitment.net/jobs/storekeeper-zebbug,Target keyword not visible in top Search Console queries
Driver License B,https://outreachrecruitment.net/jobs/driver-license-b,Alternate page with proper canonical tag
Driver License B,https://outreachrecruitment.net/jobs/driver-license-b,Target keyword not visible in top Search Console queries
Front Office Agent,https://outreachrecruitment.net/jobs/front-office-agent,Target keyword not visible in top Search Console queries
Head of Spa,https://outreachrecruitment.net/jobs/head-of-spa-2,URL is unknown to Google
Night Cleaner,https://outreachrecruitment.net/jobs/night-cleaner,Indexed page has zero impressions in selected GSC window
Banqueting F&B Supervisor,https://outreachrecruitment.net/jobs/banqueting-fb-supervisor,Target keyword not visible in top Search Console queries
Assistance Operations Coordinator,https://outreachrecruitment.net/jobs/assistance-operations-coordinator,URL is unknown to Google
Operations Supervisor,https://outreachrecruitment.net/jobs/operations-supervisor,Alternate page with proper canonical tag
Heavy Equipment Mechanic,https://outreachrecruitment.net/jobs/heavy-equipment-mechanic-2,Alternate page with proper canonical tag
Learning & Development Executive - Hybrid,https://outreachrecruitment.net/jobs/learning-development-executive-hybrid,Average position worse than 20 (25.0)
Learning & Development Executive - Hybrid,https://outreachrecruitment.net/jobs/learning-development-executive-hybrid,Target keyword not visible in top Search Console queries
Payment Clearing Specialist,https://outreachrecruitment.net/jobs/payment-clearing-specialist,Indexed page has zero impressions in selected GSC window
Auto Electrician (Heavy Vehicles),https://outreachrecruitment.net/jobs/auto-electrician-heavy-vehicles,Target keyword not visible in top Search Console queries
Heavy Equipment Mechanic,https://outreachrecruitment.net/jobs/heavy-equipment-mechanic,Indexed page has zero impressions in selected GSC window
Steel Shutter Installer,https://outreachrecruitment.net/jobs/steel-shutter-installer,Indexed page has zero impressions in selected GSC window
Junior Revenue & Accounts Analyst,https://outreachrecruitment.net/jobs/junior-revenue-accounts-analyst,Indexed page has zero impressions in selected GSC window
Public Area Cleaner,https://outreachrecruitment.net/jobs/public-area-cleaner,Indexed page has zero impressions in selected GSC window
Head Chef,https://outreachrecruitment.net/jobs/head-chef-steakhouse,Indexed page has zero impressions in selected GSC window
Chef De Partie,https://outreachrecruitment.net/jobs/chef-de-partie-4,Indexed page has zero impressions in selected GSC window
Ship Chandler,https://outreachrecruitment.net/jobs/ship-chandler,Indexed page has zero impressions in selected GSC window
Fleet Mechanical Superintendent,https://outreachrecruitment.net/jobs/fleet-mechanical-superintendent,Target keyword not visible in top Search Console queries
Customer Care Agent,https://outreachrecruitment.net/jobs/customer-care-agent,Target keyword not visible in top Search Console queries
HVAC Technician,https://outreachrecruitment.net/jobs/hvac-technician,Page with redirect
Delivery Man,https://outreachrecruitment.net/jobs/delivery-man,Page with redirect
Head of HVAC Technicians,https://outreachrecruitment.net/jobs/head-of-hvac-technicians,Page with redirect
Tank Cleaner,https://outreachrecruitment.net/jobs/tank-cleaner,Page with redirect
Welder / Burner / Pipe Fitter,https://outreachrecruitment.net/jobs/welder-burner-pipe-fitter,Page with redirect
Shipyard Sprayer / Painter,https://outreachrecruitment.net/jobs/shipyard-sprayer-painter,Page with redirect
Marine Carpenter,https://outreachrecruitment.net/jobs/marine-carpenter,Page with redirect
Electronic Technician,https://outreachrecruitment.net/jobs/electronic-technician,Page with redirect
Commercial Divers,https://outreachrecruitment.net/jobs/commercial-divers,Page with redirect
Trailer Drivers,https://outreachrecruitment.net/jobs/trailer-drivers,Page with redirect
Trailer Drivers,https://outreachrecruitment.net/jobs/trailer-drivers,Target keyword not visible in top Search Console queries
Purchasing Manager,https://outreachrecruitment.net/jobs/purchasing-manager,Page with redirect
Quality Engineer,https://outreachrecruitment.net/jobs/quality-engineer,Page with redirect
Marine Turner,https://outreachrecruitment.net/jobs/marine-turner,Page with redirect
Marine Mechanical Foreman,https://outreachrecruitment.net/jobs/marine-mechanical-foreman,Page with redirect
Plate Shop Foreman,https://outreachrecruitment.net/jobs/plate-shop-foreman,Page with redirect
Administration Specialist,https://outreachrecruitment.net/jobs/administration-specialist,Page with redirect
Client Accountant,https://outreachrecruitment.net/jobs/client-accountant-2,Indexed page has zero impressions in selected GSC window
QHSE Manager,https://outreachrecruitment.net/jobs/qhse-manager-malta,Indexed page has zero impressions in selected GSC window
Application Developer (Drupal),https://outreachrecruitment.net/jobs/application-developer-drupal,Target keyword not visible in top Search Console queries
"Fleet, Tools and Facility Manager",https://outreachrecruitment.net/jobs/fleet-tools-facility-manager,Indexed page has zero impressions in selected GSC window
Sales Office Coordinator,https://outreachrecruitment.net/jobs/sales-office-coordinator,Indexed page has zero impressions in selected GSC window
HR Administration Officer,https://outreachrecruitment.net/jobs/hr-administration-officer,Average position worse than 20 (24.5)
HR Administration Officer,https://outreachrecruitment.net/jobs/hr-administration-officer,Target keyword not visible in top Search Console queries
Project Manager,https://outreachrecruitment.net/jobs/project-manager,Average position worse than 20 (34.1)
Estimator,https://outreachrecruitment.net/jobs/estimator,Target keyword not visible in top Search Console queries
HSSE Coordinator,https://outreachrecruitment.net/jobs/hsse-coordinator,Target keyword not visible in top Search Console queries
Housekeeper,https://outreachrecruitment.net/jobs/housekeeper,Target keyword not visible in top Search Console queries
Driver / Runner / Washer,https://outreachrecruitment.net/jobs/driver-runner-washer,Indexed page has zero impressions in selected GSC window
Supervisor,https://outreachrecruitment.net/jobs/supervisor,Indexed page has zero impressions in selected GSC window
Customer Operations Associate,https://outreachrecruitment.net/jobs/customer-operations-associate,Average position worse than 20 (37.8)
Customer Operations Associate,https://outreachrecruitment.net/jobs/customer-operations-associate,Target keyword not visible in top Search Console queries
Structural Engineer,https://outreachrecruitment.net/jobs/structural-engineer,Target keyword not visible in top Search Console queries
Senior Quantity Estimator (M&E),https://outreachrecruitment.net/jobs/senior-quantity-estimator-me,Indexed page has zero impressions in selected GSC window
Sales Representative in Renewables,https://outreachrecruitment.net/jobs/sales-representative-in-renewables,Indexed page has zero impressions in selected GSC window
HVAC Project Manager,https://outreachrecruitment.net/jobs/hvac-project-manager,Indexed page has zero impressions in selected GSC window
HVAC Sales Representative,https://outreachrecruitment.net/jobs/hvac-sales-representative,Indexed page has zero impressions in selected GSC window
Maintenance Technician - Electrical Licence A or B),https://outreachrecruitment.net/jobs/maintenance-technician-electrical-licence-a-or-b,Indexed page has zero impressions in selected GSC window
IT Support Executive,https://outreachrecruitment.net/jobs/it-support-executive,Average position worse than 20 (30.5)
IT Support Executive,https://outreachrecruitment.net/jobs/it-support-executive,Target keyword not visible in top Search Console queries
General Maintenance Technician,https://outreachrecruitment.net/jobs/general-maintenance-technician,Indexed page has zero impressions in selected GSC window
Counter assistant,https://outreachrecruitment.net/jobs/counter-assistant,Indexed page has zero impressions in selected GSC window
Kitchen Assistant,https://outreachrecruitment.net/jobs/kitchen-assistant,Average position worse than 20 (22.5)
Kitchen Assistant,https://outreachrecruitment.net/jobs/kitchen-assistant,Target keyword not visible in top Search Console queries
Housekeeping Attendant,https://outreachrecruitment.net/jobs/housekeeping-attendant,Target keyword not visible in top Search Console queries
Accounts Payable,https://outreachrecruitment.net/jobs/accounts-payable,Indexed page has zero impressions in selected GSC window
Tax Manager,https://outreachrecruitment.net/jobs/tax-manager,Indexed page has zero impressions in selected GSC window
Automotive Service Advisor,https://outreachrecruitment.net/jobs/automotive-service-advisor,Indexed page has zero impressions in selected GSC window
High Voltage Motor Vehicle Technician,https://outreachrecruitment.net/jobs/high-voltage-motor-vehicle-technician,Target keyword not visible in top Search Console queries
Audit Senior Associate,https://outreachrecruitment.net/jobs/audit-senior-associate,Indexed page has zero impressions in selected GSC window
Customer Contact Centre Representative,https://outreachrecruitment.net/jobs/customer-contact-centre-representative,Indexed page has zero impressions in selected GSC window
Builders and Shutterers,https://outreachrecruitment.net/jobs/builders-and-shutterers,Average position worse than 20 (33.0)
Builders and Shutterers,https://outreachrecruitment.net/jobs/builders-and-shutterers,Target keyword not visible in top Search Console queries
Draughtsperson,https://outreachrecruitment.net/jobs/draughtsperson,Target keyword not visible in top Search Console queries
Associate Tax Advisor,https://outreachrecruitment.net/jobs/associate-tax-advisor,Indexed page has zero impressions in selected GSC window
Customer Care Associate,https://outreachrecruitment.net/jobs/customer-care-associate,Indexed page has zero impressions in selected GSC window
Sales Executive - Luxury Retail,https://outreachrecruitment.net/jobs/sales-executive-luxury-retail,Target keyword not visible in top Search Console queries
Bottling Operator,https://outreachrecruitment.net/jobs/bottling-operator,Indexed page has zero impressions in selected GSC window
Motor Vehicle Mechanic/Technician,https://outreachrecruitment.net/jobs/motor-vehicle-mechanictechnician,Indexed page has zero impressions in selected GSC window
Automotive Parts Personnel,https://outreachrecruitment.net/jobs/automotive-parts-personnel,Indexed page has zero impressions in selected GSC window
Corporate Insurance Associate,https://outreachrecruitment.net/jobs/corporate-insurance-associate,Target keyword not visible in top Search Console queries
Wood Painting & Finishing Specialist,https://outreachrecruitment.net/jobs/wood-painting-finishing-specialist,Target keyword not visible in top Search Console queries
Delivery Driver - Malta C License,https://outreachrecruitment.net/jobs/delivery-driver-malta-c-license,Average position worse than 20 (22.3)
Health Claims Associate,https://outreachrecruitment.net/jobs/health-claims-associate,Indexed page has zero impressions in selected GSC window
Delivery Drivers - C1 Malta License,https://outreachrecruitment.net/jobs/delivery-drivers-c1-malta-license,Average position worse than 20 (50.0)
Delivery Drivers - C1 Malta License,https://outreachrecruitment.net/jobs/delivery-drivers-c1-malta-license,Target keyword not visible in top Search Console queries
Auditor,https://outreachrecruitment.net/jobs/auditor,Average position worse than 20 (21.8)
Auditor,https://outreachrecruitment.net/jobs/auditor,Target keyword not visible in top Search Console queries
Room Attendents,https://outreachrecruitment.net/jobs/room-attendents,Indexed page has zero impressions in selected GSC window
Finance Associate,https://outreachrecruitment.net/jobs/finance-associate,Average position worse than 20 (30.6)
Skilled Carpenters,https://outreachrecruitment.net/jobs/skilled-carpenters,Target keyword not visible in top Search Console queries
Delivery Person with Driving Licence C1,https://outreachrecruitment.net/jobs/delivery-person-with-driving-licence-c1,Indexed page has zero impressions in selected GSC window
Commercial Insurance Associate,https://outreachrecruitment.net/jobs/commercial-insurance-associate,Average position worse than 20 (30.0)
Commercial Insurance Associate,https://outreachrecruitment.net/jobs/commercial-insurance-associate,Target keyword not visible in top Search Console queries
Aluminum Install and Fabrication Foreman,https://outreachrecruitment.net/jobs/aluminum-install-and-fabrication-foreman,Target keyword not visible in top Search Console queries
Audit Senior,https://outreachrecruitment.net/jobs/audit-senior,Indexed page has zero impressions in selected GSC window
Product Owner - Hybrid,https://outreachrecruitment.net/jobs/product-owner-hybrid,Indexed page has zero impressions in selected GSC window
Volvo Penta Mechanic,https://outreachrecruitment.net/jobs/volvo-penta-mechanic,Indexed page has zero impressions in selected GSC window
Sign Assembler & Installer,https://outreachrecruitment.net/jobs/sign-assembler-installer,Indexed page has zero impressions in selected GSC window
Hotel Porter,https://outreachrecruitment.net/jobs/hotel-porter,Target keyword not visible in top Search Console queries
Boat Maintenance,https://outreachrecruitment.net/jobs/boat-maintenance,Target keyword not visible in top Search Console queries
First Line Support - Hybrid,https://outreachrecruitment.net/jobs/first-line-support-hybrid,Indexed page has zero impressions in selected GSC window
Sales Executive,https://outreachrecruitment.net/jobs/sales-executive-2,Indexed page has zero impressions in selected GSC window
Housekeeper,https://outreachrecruitment.net/jobs/housekeeper-2,Indexed page has zero impressions in selected GSC window
Accounts Senior,https://outreachrecruitment.net/jobs/accounts-senior-2,Indexed page has zero impressions in selected GSC window
