title,slug,url,status,ok,indexed,verdict,coverage_state,indexing_state,page_fetch_state,robots_txt_state,last_crawl_time,user_canonical,google_canonical,canonical_match,sitemap,rich_results_verdict,rich_result_types,error
Front Office Executive,front-office-executive,https://outreachrecruitment.net/jobs/front-office-executive,200,True,True,PASS,Submitted and indexed,INDEXING_ALLOWED,SUCCESSFUL,ALLOWED,2026-10-07T21:34:42Z,https://outreachrecruitment.net/jobs/front-office-executive,https://outreachrecruitment.net/jobs/front-office-executive/,True,,PASS,"Breadcrumbs, Job Postings",
Italian Restaurant – Multiple Hospitality Positions,italian-restaurant-hospitality-positions-dubai,https://outreachrecruitment.net/jobs/italian-restaurant-hospitality-positions-dubai,200,True,False,NEUTRAL,URL is unknown to Google,INDEXING_STATE_UNSPECIFIED,PAGE_FETCH_STATE_UNSPECIFIED,ROBOTS_TXT_STATE_UNSPECIFIED,,,,False,,,,
Junior Administrative Executive,junior-administrative-executive,https://outreachrecruitment.net/jobs/junior-administrative-executive,200,True,True,PASS,Submitted and indexed,INDEXING_ALLOWED,SUCCESSFUL,ALLOWED,2026-10-07T18:21:01Z,https://outreachrecruitment.net/jobs/junior-administrative-executive,https://outreachrecruitment.net/jobs/junior-administrative-executive/,True,,PASS,"Breadcrumbs, Job Postings",
Crane Installer,crane-installer,https://outreachrecruitment.net/jobs/crane-installer,200,True,False,NEUTRAL,URL is unknown to Google,INDEXING_STATE_UNSPECIFIED,PAGE_FETCH_STATE_UNSPECIFIED,ROBOTS_TXT_STATE_UNSPECIFIED,,,,False,,,,
Beauty Specialist / Nail Technician,beauty-specialist-nail-technician,https://outreachrecruitment.net/jobs/beauty-specialist-nail-technician,200,True,False,NEUTRAL,URL is unknown to Google,INDEXING_STATE_UNSPECIFIED,PAGE_FETCH_STATE_UNSPECIFIED,ROBOTS_TXT_STATE_UNSPECIFIED,,,,False,,,,
Marine Mechanical Engineer,marine-mechanical-engineer,https://outreachrecruitment.net/jobs/marine-mechanical-engineer,200,True,False,NEUTRAL,URL is unknown to Google,INDEXING_STATE_UNSPECIFIED,PAGE_FETCH_STATE_UNSPECIFIED,ROBOTS_TXT_STATE_UNSPECIFIED,,,,False,,,,
Maintenance Manager,maintenance-manager-mellieha,https://outreachrecruitment.net/jobs/maintenance-manager-mellieha,200,True,False,NEUTRAL,URL is unknown to Google,INDEXING_STATE_UNSPECIFIED,PAGE_FETCH_STATE_UNSPECIFIED,ROBOTS_TXT_STATE_UNSPECIFIED,,,,False,,,,
Restaurant Manager - Italian Speaking,restaurant-manager-italian-speaking,https://outreachrecruitment.net/jobs/restaurant-manager-italian-speaking,200,True,False,NEUTRAL,URL is unknown to Google,INDEXING_STATE_UNSPECIFIED,PAGE_FETCH_STATE_UNSPECIFIED,ROBOTS_TXT_STATE_UNSPECIFIED,,,,False,,,,
Gypsum Installers,gypsum-installers,https://outreachrecruitment.net/jobs/gypsum-installers,200,True,True,PASS,Submitted and indexed,INDEXING_ALLOWED,SUCCESSFUL,ALLOWED,2026-10-07T13:17:08Z,https://outreachrecruitment.net/jobs/gypsum-installers,https://outreachrecruitment.net/jobs/gypsum-installers/,True,,PASS,"Breadcrumbs, Job Postings",
Mini Bus Driver – Licence D,mini-bus-driver-licence-d,https://outreachrecruitment.net/jobs/mini-bus-driver-licence-d,200,True,True,PASS,Submitted and indexed,INDEXING_ALLOWED,SUCCESSFUL,ALLOWED,2026-10-07T23:04:56Z,https://outreachrecruitment.net/jobs/mini-bus-driver-licence-d,https://outreachrecruitment.net/jobs/mini-bus-driver-licence-d/,True,,PASS,"Breadcrumbs, Job Postings",
Proposal Engineer – Energy Solutions,proposal-engineer-energy-solutions,https://outreachrecruitment.net/jobs/proposal-engineer-energy-solutions,200,True,True,PASS,Submitted and indexed,INDEXING_ALLOWED,SUCCESSFUL,ALLOWED,2026-10-05T06:50:03Z,https://outreachrecruitment.net/jobs/proposal-engineer-energy-solutions,https://outreachrecruitment.net/jobs/proposal-engineer-energy-solutions/,True,,PASS,"Breadcrumbs, Job Postings",
Head Chef in Gozo,head-chef-in-gozo,https://outreachrecruitment.net/jobs/head-chef-in-gozo,200,True,True,PASS,Submitted and indexed,INDEXING_ALLOWED,SUCCESSFUL,ALLOWED,2026-09-29T09:49:06Z,https://outreachrecruitment.net/jobs/head-chef-in-gozo,https://outreachrecruitment.net/jobs/head-chef-in-gozo/,True,,PASS,"Breadcrumbs, Job Postings",
Storekeeper,storekeeper-zebbug,https://outreachrecruitment.net/jobs/storekeeper-zebbug,200,True,True,PASS,Submitted and indexed,INDEXING_ALLOWED,SUCCESSFUL,ALLOWED,2026-10-07T13:34:03Z,https://outreachrecruitment.net/jobs/storekeeper-zebbug,https://outreachrecruitment.net/jobs/storekeeper-zebbug/,True,,PASS,"Breadcrumbs, Job Postings",
Driver License B,driver-license-b,https://outreachrecruitment.net/jobs/driver-license-b,200,True,False,NEUTRAL,Alternate page with proper canonical tag,INDEXING_ALLOWED,SUCCESSFUL,ALLOWED,2026-09-26T02:31:55Z,https://outreachrecruitment.net/jobs/driver-license-b,https://outreachrecruitment.net/jobs/driver-license-b,True,,,,
Forklift Operator,forklift-operator,https://outreachrecruitment.net/jobs/forklift-operator,200,True,True,PASS,Submitted and indexed,INDEXING_ALLOWED,SUCCESSFUL,ALLOWED,2026-10-06T11:39:49Z,https://outreachrecruitment.net/jobs/forklift-operator,https://outreachrecruitment.net/jobs/forklift-operator/,True,,PASS,"Breadcrumbs, Job Postings",
Front Office Agent,front-office-agent,https://outreachrecruitment.net/jobs/front-office-agent,200,True,True,PASS,Submitted and indexed,INDEXING_ALLOWED,SUCCESSFUL,ALLOWED,2026-09-29T20:04:59Z,https://outreachrecruitment.net/jobs/front-office-agent,https://outreachrecruitment.net/jobs/front-office-agent/,True,,PASS,"Breadcrumbs, Job Postings",
Head of Spa,head-of-spa-2,https://outreachrecruitment.net/jobs/head-of-spa-2,200,True,False,NEUTRAL,URL is unknown to Google,INDEXING_STATE_UNSPECIFIED,PAGE_FETCH_STATE_UNSPECIFIED,ROBOTS_TXT_STATE_UNSPECIFIED,,,,False,,,,
Night Cleaner,night-cleaner,https://outreachrecruitment.net/jobs/night-cleaner,200,True,True,PASS,Submitted and indexed,INDEXING_ALLOWED,SUCCESSFUL,ALLOWED,2026-10-06T08:29:37Z,https://outreachrecruitment.net/jobs/night-cleaner,https://outreachrecruitment.net/jobs/night-cleaner/,True,,PASS,"Breadcrumbs, Job Postings",
Banqueting F&B Supervisor,banqueting-fb-supervisor,https://outreachrecruitment.net/jobs/banqueting-fb-supervisor,200,True,True,PASS,Submitted and indexed,INDEXING_ALLOWED,SUCCESSFUL,ALLOWED,2026-10-07T20:52:07Z,https://outreachrecruitment.net/jobs/banqueting-fb-supervisor,https://outreachrecruitment.net/jobs/banqueting-fb-supervisor/,True,,PASS,"Breadcrumbs, Job Postings",
Assistance Operations Coordinator,assistance-operations-coordinator,https://outreachrecruitment.net/jobs/assistance-operations-coordinator,200,True,False,NEUTRAL,URL is unknown to Google,INDEXING_STATE_UNSPECIFIED,PAGE_FETCH_STATE_UNSPECIFIED,ROBOTS_TXT_STATE_UNSPECIFIED,,,,False,,,,
Procurement Officer,procurement-officer,https://outreachrecruitment.net/jobs/procurement-officer,200,True,True,PASS,Submitted and indexed,INDEXING_ALLOWED,SUCCESSFUL,ALLOWED,2026-09-26T14:59:07Z,https://outreachrecruitment.net/jobs/procurement-officer,https://outreachrecruitment.net/jobs/procurement-officer/,True,,PASS,"Breadcrumbs, Job Postings",
Operations Supervisor,operations-supervisor,https://outreachrecruitment.net/jobs/operations-supervisor,200,True,False,NEUTRAL,Alternate page with proper canonical tag,INDEXING_ALLOWED,SUCCESSFUL,ALLOWED,2026-09-21T00:49:13Z,https://outreachrecruitment.net/jobs/operations-supervisor,https://outreachrecruitment.net/jobs/operations-supervisor,True,,,,
Heavy Equipment Mechanic,heavy-equipment-mechanic-2,https://outreachrecruitment.net/jobs/heavy-equipment-mechanic-2,200,True,False,NEUTRAL,Alternate page with proper canonical tag,INDEXING_ALLOWED,SUCCESSFUL,ALLOWED,2026-09-28T13:43:07Z,https://outreachrecruitment.net/jobs/heavy-equipment-mechanic-2,https://outreachrecruitment.net/jobs/heavy-equipment-mechanic-2,True,,,,
Learning & Development Executive - Hybrid,learning-development-executive-hybrid,https://outreachrecruitment.net/jobs/learning-development-executive-hybrid,200,True,True,PASS,Submitted and indexed,INDEXING_ALLOWED,SUCCESSFUL,ALLOWED,2026-10-06T21:55:15Z,https://outreachrecruitment.net/jobs/learning-development-executive-hybrid,https://outreachrecruitment.net/jobs/learning-development-executive-hybrid/,True,,PASS,"Breadcrumbs, Job Postings",
Payment Clearing Specialist,payment-clearing-specialist,https://outreachrecruitment.net/jobs/payment-clearing-specialist,200,True,True,PASS,Submitted and indexed,INDEXING_ALLOWED,SUCCESSFUL,ALLOWED,2026-10-01T03:20:58Z,https://outreachrecruitment.net/jobs/payment-clearing-specialist,https://outreachrecruitment.net/jobs/payment-clearing-specialist/,True,,PASS,"Breadcrumbs, Job Postings",
Auto Electrician (Heavy Vehicles),auto-electrician-heavy-vehicles,https://outreachrecruitment.net/jobs/auto-electrician-heavy-vehicles,200,True,True,PASS,Submitted and indexed,INDEXING_ALLOWED,SUCCESSFUL,ALLOWED,2026-09-28T12:45:44Z,https://outreachrecruitment.net/jobs/auto-electrician-heavy-vehicles,https://outreachrecruitment.net/jobs/auto-electrician-heavy-vehicles/,True,,PASS,"Breadcrumbs, Job Postings",
Heavy Equipment Mechanic,heavy-equipment-mechanic,https://outreachrecruitment.net/jobs/heavy-equipment-mechanic,200,True,True,PASS,Submitted and indexed,INDEXING_ALLOWED,SUCCESSFUL,ALLOWED,2026-09-29T07:54:12Z,https://outreachrecruitment.net/jobs/heavy-equipment-mechanic,https://outreachrecruitment.net/jobs/heavy-equipment-mechanic/,True,,PASS,"Breadcrumbs, Job Postings",
Steel Shutter Installer,steel-shutter-installer,https://outreachrecruitment.net/jobs/steel-shutter-installer,200,True,True,PASS,Submitted and indexed,INDEXING_ALLOWED,SUCCESSFUL,ALLOWED,2026-09-30T16:55:22Z,https://outreachrecruitment.net/jobs/steel-shutter-installer,https://outreachrecruitment.net/jobs/steel-shutter-installer/,True,,PASS,"Breadcrumbs, Job Postings",
Junior Revenue & Accounts Analyst,junior-revenue-accounts-analyst,https://outreachrecruitment.net/jobs/junior-revenue-accounts-analyst,200,True,True,PASS,Submitted and indexed,INDEXING_ALLOWED,SUCCESSFUL,ALLOWED,2026-10-07T23:41:51Z,https://outreachrecruitment.net/jobs/junior-revenue-accounts-analyst,https://outreachrecruitment.net/jobs/junior-revenue-accounts-analyst/,True,,PASS,"Breadcrumbs, Job Postings",
Public Area Cleaner,public-area-cleaner,https://outreachrecruitment.net/jobs/public-area-cleaner,200,True,True,PASS,Submitted and indexed,INDEXING_ALLOWED,SUCCESSFUL,ALLOWED,2026-10-07T19:40:02Z,https://outreachrecruitment.net/jobs/public-area-cleaner,https://outreachrecruitment.net/jobs/public-area-cleaner/,True,,PASS,"Breadcrumbs, Job Postings",
Head Chef,head-chef-steakhouse,https://outreachrecruitment.net/jobs/head-chef-steakhouse,200,True,True,PASS,Submitted and indexed,INDEXING_ALLOWED,SUCCESSFUL,ALLOWED,2026-10-07T23:43:09Z,https://outreachrecruitment.net/jobs/head-chef-steakhouse,https://outreachrecruitment.net/jobs/head-chef-steakhouse/,True,,PASS,"Breadcrumbs, Job Postings",
Senior Waiter / Sommelier,senior-waiter-sommelier,https://outreachrecruitment.net/jobs/senior-waiter-sommelier,200,True,True,PASS,Submitted and indexed,INDEXING_ALLOWED,SUCCESSFUL,ALLOWED,2026-10-08T03:06:04Z,https://outreachrecruitment.net/jobs/senior-waiter-sommelier,https://outreachrecruitment.net/jobs/senior-waiter-sommelier/,True,,PASS,"Breadcrumbs, Job Postings",
Deli Counter Assistant / Salumeria Specialist,deli-counter-assistant-salumeria-specialist,https://outreachrecruitment.net/jobs/deli-counter-assistant-salumeria-specialist,200,True,True,PASS,Submitted and indexed,INDEXING_ALLOWED,SUCCESSFUL,ALLOWED,2026-10-03T20:30:15Z,https://outreachrecruitment.net/jobs/deli-counter-assistant-salumeria-specialist,https://outreachrecruitment.net/jobs/deli-counter-assistant-salumeria-specialist/,True,,PASS,"Breadcrumbs, Job Postings",
Chef De Partie,chef-de-partie-4,https://outreachrecruitment.net/jobs/chef-de-partie-4,200,True,True,PASS,Submitted and indexed,INDEXING_ALLOWED,SUCCESSFUL,ALLOWED,2026-10-05T21:55:59Z,https://outreachrecruitment.net/jobs/chef-de-partie-4,https://outreachrecruitment.net/jobs/chef-de-partie-4/,True,,PASS,"Breadcrumbs, Job Postings",
Kitchen Helper,kitchen-helper,https://outreachrecruitment.net/jobs/kitchen-helper,200,True,True,PASS,Submitted and indexed,INDEXING_ALLOWED,SUCCESSFUL,ALLOWED,2026-10-07T09:15:52Z,https://outreachrecruitment.net/jobs/kitchen-helper,https://outreachrecruitment.net/jobs/kitchen-helper/,True,,PASS,"Breadcrumbs, Job Postings",
Ship Chandler,ship-chandler,https://outreachrecruitment.net/jobs/ship-chandler,200,True,True,PASS,Submitted and indexed,INDEXING_ALLOWED,SUCCESSFUL,ALLOWED,2026-10-07T20:35:07Z,https://outreachrecruitment.net/jobs/ship-chandler,https://outreachrecruitment.net/jobs/ship-chandler/,True,,PASS,"Breadcrumbs, Job Postings",
Fleet Mechanical Superintendent,fleet-mechanical-superintendent,https://outreachrecruitment.net/jobs/fleet-mechanical-superintendent,200,True,True,PASS,Submitted and indexed,INDEXING_ALLOWED,SUCCESSFUL,ALLOWED,2026-10-06T20:20:07Z,https://outreachrecruitment.net/jobs/fleet-mechanical-superintendent,https://outreachrecruitment.net/jobs/fleet-mechanical-superintendent/,True,,PASS,"Breadcrumbs, Job Postings",
Customer Care Agent,customer-care-agent,https://outreachrecruitment.net/jobs/customer-care-agent,200,True,True,PASS,Submitted and indexed,INDEXING_ALLOWED,SUCCESSFUL,ALLOWED,2026-10-07T05:17:36Z,https://outreachrecruitment.net/jobs/customer-care-agent,https://outreachrecruitment.net/jobs/customer-care-agent/,True,,PASS,"Breadcrumbs, Job Postings",
HVAC Technician,hvac-technician,https://outreachrecruitment.net/jobs/hvac-technician,200,True,False,NEUTRAL,Page with redirect,INDEXING_ALLOWED,SUCCESSFUL,ALLOWED,2026-09-09T22:38:26Z,https://outreachrecruitment.net/jobs/hvac-technician,https://outreachrecruitment.net/jobs/hvac-technician,True,,,,
Delivery Man,delivery-man,https://outreachrecruitment.net/jobs/delivery-man,200,True,False,NEUTRAL,Page with redirect,INDEXING_ALLOWED,SUCCESSFUL,ALLOWED,2026-09-27T19:39:49Z,https://outreachrecruitment.net/jobs/delivery-man,https://outreachrecruitment.net/jobs/delivery-man,True,,,,
Head of HVAC Technicians,head-of-hvac-technicians,https://outreachrecruitment.net/jobs/head-of-hvac-technicians,200,True,False,NEUTRAL,Page with redirect,INDEXING_ALLOWED,SUCCESSFUL,ALLOWED,2026-09-22T18:06:05Z,https://outreachrecruitment.net/jobs/head-of-hvac-technicians,https://outreachrecruitment.net/jobs/head-of-hvac-technicians,True,,,,
Tank Cleaner,tank-cleaner,https://outreachrecruitment.net/jobs/tank-cleaner,200,True,False,NEUTRAL,Page with redirect,INDEXING_ALLOWED,SUCCESSFUL,ALLOWED,2026-09-27T01:09:02Z,https://outreachrecruitment.net/jobs/tank-cleaner,https://outreachrecruitment.net/jobs/tank-cleaner,True,,,,
Welder / Burner / Pipe Fitter,welder-burner-pipe-fitter,https://outreachrecruitment.net/jobs/welder-burner-pipe-fitter,200,True,False,NEUTRAL,Page with redirect,INDEXING_ALLOWED,SUCCESSFUL,ALLOWED,2026-09-21T01:07:19Z,https://outreachrecruitment.net/jobs/welder-burner-pipe-fitter,https://outreachrecruitment.net/jobs/welder-burner-pipe-fitter,True,,,,
Shipyard Sprayer / Painter,shipyard-sprayer-painter,https://outreachrecruitment.net/jobs/shipyard-sprayer-painter,200,True,False,NEUTRAL,Page with redirect,INDEXING_ALLOWED,SUCCESSFUL,ALLOWED,2026-09-21T00:49:13Z,https://outreachrecruitment.net/jobs/shipyard-sprayer-painter,https://outreachrecruitment.net/jobs/shipyard-sprayer-painter,True,,,,
Marine Carpenter,marine-carpenter,https://outreachrecruitment.net/jobs/marine-carpenter,200,True,False,NEUTRAL,Page with redirect,INDEXING_ALLOWED,SUCCESSFUL,ALLOWED,2026-09-21T01:07:19Z,https://outreachrecruitment.net/jobs/marine-carpenter,https://outreachrecruitment.net/jobs/marine-carpenter,True,,,,
Electronic Technician,electronic-technician,https://outreachrecruitment.net/jobs/electronic-technician,200,True,False,NEUTRAL,Page with redirect,INDEXING_ALLOWED,SUCCESSFUL,ALLOWED,2026-08-17T05:44:17Z,https://outreachrecruitment.net/jobs/electronic-technician,https://outreachrecruitment.net/jobs/electronic-technician,True,,,,
Commercial Divers,commercial-divers,https://outreachrecruitment.net/jobs/commercial-divers,200,True,False,NEUTRAL,Page with redirect,INDEXING_ALLOWED,SUCCESSFUL,ALLOWED,2026-09-22T18:07:08Z,https://outreachrecruitment.net/jobs/commercial-divers,https://outreachrecruitment.net/jobs/commercial-divers,True,,,,
Trailer Drivers,trailer-drivers,https://outreachrecruitment.net/jobs/trailer-drivers,200,True,False,NEUTRAL,Page with redirect,INDEXING_ALLOWED,SUCCESSFUL,ALLOWED,2026-09-24T13:14:57Z,https://outreachrecruitment.net/jobs/trailer-drivers,https://outreachrecruitment.net/jobs/trailer-drivers,True,,,,
Purchasing Manager,purchasing-manager,https://outreachrecruitment.net/jobs/purchasing-manager,200,True,False,NEUTRAL,Page with redirect,INDEXING_ALLOWED,SUCCESSFUL,ALLOWED,2026-09-22T18:06:05Z,https://outreachrecruitment.net/jobs/purchasing-manager,https://outreachrecruitment.net/jobs/purchasing-manager,True,,,,
Quality Engineer,quality-engineer,https://outreachrecruitment.net/jobs/quality-engineer,200,True,False,NEUTRAL,Page with redirect,INDEXING_ALLOWED,SUCCESSFUL,ALLOWED,2026-09-27T18:30:32Z,https://outreachrecruitment.net/jobs/quality-engineer-marine-malta,https://outreachrecruitment.net/jobs/quality-engineer-marine-malta/,True,,,,
Marine Turner,marine-turner,https://outreachrecruitment.net/jobs/marine-turner,200,True,False,NEUTRAL,Page with redirect,INDEXING_ALLOWED,SUCCESSFUL,ALLOWED,2026-09-12T02:38:05Z,https://outreachrecruitment.net/jobs/marine-turner-malta,https://outreachrecruitment.net/jobs/marine-turner-malta,True,,,,
Marine Mechanical Foreman,marine-mechanical-foreman,https://outreachrecruitment.net/jobs/marine-mechanical-foreman,200,True,False,NEUTRAL,Page with redirect,INDEXING_ALLOWED,SUCCESSFUL,ALLOWED,2026-09-21T00:49:13Z,https://outreachrecruitment.net/jobs/marine-mechanical-foreman,https://outreachrecruitment.net/jobs/marine-mechanical-foreman,True,,,,
Plate Shop Foreman,plate-shop-foreman,https://outreachrecruitment.net/jobs/plate-shop-foreman,200,True,False,NEUTRAL,Page with redirect,INDEXING_ALLOWED,SUCCESSFUL,ALLOWED,2026-09-22T18:07:08Z,https://outreachrecruitment.net/jobs/plate-shop-foreman-malta,https://outreachrecruitment.net/jobs/plate-shop-foreman-malta/,True,,,,
Administration Specialist,administration-specialist,https://outreachrecruitment.net/jobs/administration-specialist,200,True,False,NEUTRAL,Page with redirect,INDEXING_ALLOWED,SUCCESSFUL,ALLOWED,2026-09-23T12:49:39Z,https://outreachrecruitment.net/jobs/administration-specialist,https://outreachrecruitment.net/jobs/administration-specialist,True,,,,
Client Accountant,client-accountant-2,https://outreachrecruitment.net/jobs/client-accountant-2,200,True,True,PASS,Submitted and indexed,INDEXING_ALLOWED,SUCCESSFUL,ALLOWED,2026-09-27T02:21:59Z,https://outreachrecruitment.net/jobs/client-accountant-2,https://outreachrecruitment.net/jobs/client-accountant-2/,True,,PASS,"Breadcrumbs, Job Postings",
QHSE Manager,qhse-manager-malta,https://outreachrecruitment.net/jobs/qhse-manager-malta,200,True,True,PASS,Submitted and indexed,INDEXING_ALLOWED,SUCCESSFUL,ALLOWED,2026-10-07T23:17:50Z,https://outreachrecruitment.net/jobs/qhse-manager-malta,https://outreachrecruitment.net/jobs/qhse-manager-malta/,True,,PASS,"Breadcrumbs, Job Postings",
Application Developer (Drupal),application-developer-drupal,https://outreachrecruitment.net/jobs/application-developer-drupal,200,True,True,PASS,Submitted and indexed,INDEXING_ALLOWED,SUCCESSFUL,ALLOWED,2026-09-29T08:35:44Z,https://outreachrecruitment.net/jobs/application-developer-drupal,https://outreachrecruitment.net/jobs/application-developer-drupal/,True,,PASS,"Breadcrumbs, Job Postings",
"Fleet, Tools and Facility Manager",fleet-tools-facility-manager,https://outreachrecruitment.net/jobs/fleet-tools-facility-manager,200,True,True,PASS,Submitted and indexed,INDEXING_ALLOWED,SUCCESSFUL,ALLOWED,2026-10-06T08:42:55Z,https://outreachrecruitment.net/jobs/fleet-tools-facility-manager,https://outreachrecruitment.net/jobs/fleet-tools-facility-manager/,True,,PASS,"Breadcrumbs, Job Postings",
Sales Office Coordinator,sales-office-coordinator,https://outreachrecruitment.net/jobs/sales-office-coordinator,200,True,True,PASS,Submitted and indexed,INDEXING_ALLOWED,SUCCESSFUL,ALLOWED,2026-10-07T19:38:02Z,https://outreachrecruitment.net/jobs/sales-office-coordinator,https://outreachrecruitment.net/jobs/sales-office-coordinator/,True,,PASS,"Breadcrumbs, Job Postings",
Customer Contact Agent,customer-contact-agent,https://outreachrecruitment.net/jobs/customer-contact-agent,200,True,True,PASS,Submitted and indexed,INDEXING_ALLOWED,SUCCESSFUL,ALLOWED,2026-10-06T14:19:43Z,https://outreachrecruitment.net/jobs/customer-contact-agent,https://outreachrecruitment.net/jobs/customer-contact-agent/,True,,PASS,"Breadcrumbs, Job Postings",
HR Administration Officer,hr-administration-officer,https://outreachrecruitment.net/jobs/hr-administration-officer,200,True,True,PASS,Submitted and indexed,INDEXING_ALLOWED,SUCCESSFUL,ALLOWED,2026-10-01T03:17:08Z,https://outreachrecruitment.net/jobs/hr-administration-officer,https://outreachrecruitment.net/jobs/hr-administration-officer/,True,,PASS,"Breadcrumbs, Job Postings",
Project Manager,project-manager,https://outreachrecruitment.net/jobs/project-manager,200,True,True,PASS,Submitted and indexed,INDEXING_ALLOWED,SUCCESSFUL,ALLOWED,2026-10-07T22:01:50Z,https://outreachrecruitment.net/jobs/project-manager,https://outreachrecruitment.net/jobs/project-manager/,True,,PASS,"Breadcrumbs, Job Postings",
Purchasing Officer,purchasing-officer,https://outreachrecruitment.net/jobs/purchasing-officer,200,True,True,PASS,Submitted and indexed,INDEXING_ALLOWED,SUCCESSFUL,ALLOWED,2026-09-29T08:36:51Z,https://outreachrecruitment.net/jobs/purchasing-officer,https://outreachrecruitment.net/jobs/purchasing-officer/,True,,PASS,"Breadcrumbs, Job Postings",
Estimator,estimator,https://outreachrecruitment.net/jobs/estimator,200,True,True,PASS,Submitted and indexed,INDEXING_ALLOWED,SUCCESSFUL,ALLOWED,2026-10-07T21:38:12Z,https://outreachrecruitment.net/jobs/estimator,https://outreachrecruitment.net/jobs/estimator/,True,,PASS,"Breadcrumbs, Job Postings",
HSSE Coordinator,hsse-coordinator,https://outreachrecruitment.net/jobs/hsse-coordinator,200,True,True,PASS,Submitted and indexed,INDEXING_ALLOWED,SUCCESSFUL,ALLOWED,2026-10-04T01:29:55Z,https://outreachrecruitment.net/jobs/hsse-coordinator,https://outreachrecruitment.net/jobs/hsse-coordinator/,True,,PASS,"Breadcrumbs, Job Postings",
Housekeeper,housekeeper,https://outreachrecruitment.net/jobs/housekeeper,200,True,True,PASS,Submitted and indexed,INDEXING_ALLOWED,SUCCESSFUL,ALLOWED,2026-10-04T17:26:15Z,https://outreachrecruitment.net/jobs/housekeeper,https://outreachrecruitment.net/jobs/housekeeper/,True,,PASS,"Breadcrumbs, Job Postings",
Driver / Runner / Washer,driver-runner-washer,https://outreachrecruitment.net/jobs/driver-runner-washer,200,True,True,PASS,Submitted and indexed,INDEXING_ALLOWED,SUCCESSFUL,ALLOWED,2026-10-03T21:59:58Z,https://outreachrecruitment.net/jobs/driver-runner-washer,https://outreachrecruitment.net/jobs/driver-runner-washer/,True,,PASS,"Breadcrumbs, Job Postings",
Supervisor,supervisor,https://outreachrecruitment.net/jobs/supervisor,200,True,True,PASS,Submitted and indexed,INDEXING_ALLOWED,SUCCESSFUL,ALLOWED,2026-10-05T16:39:09Z,https://outreachrecruitment.net/jobs/supervisor,https://outreachrecruitment.net/jobs/supervisor/,True,,PASS,"Breadcrumbs, Job Postings",
Customer Operations Associate,customer-operations-associate,https://outreachrecruitment.net/jobs/customer-operations-associate,200,True,True,PASS,Submitted and indexed,INDEXING_ALLOWED,SUCCESSFUL,ALLOWED,2026-09-29T16:25:12Z,https://outreachrecruitment.net/jobs/customer-operations-associate,https://outreachrecruitment.net/jobs/customer-operations-associate/,True,,PASS,"Breadcrumbs, Job Postings",
Structural Engineer,structural-engineer,https://outreachrecruitment.net/jobs/structural-engineer,200,True,True,PASS,Submitted and indexed,INDEXING_ALLOWED,SUCCESSFUL,ALLOWED,2026-10-04T12:01:36Z,https://outreachrecruitment.net/jobs/structural-engineer,https://outreachrecruitment.net/jobs/structural-engineer/,True,,PASS,"Breadcrumbs, Job Postings",
Senior Quantity Estimator (M&E),senior-quantity-estimator-me,https://outreachrecruitment.net/jobs/senior-quantity-estimator-me,200,True,True,PASS,Submitted and indexed,INDEXING_ALLOWED,SUCCESSFUL,ALLOWED,2026-09-27T00:05:38Z,https://outreachrecruitment.net/jobs/senior-quantity-estimator-me,https://outreachrecruitment.net/jobs/senior-quantity-estimator-me/,True,,PASS,"Breadcrumbs, Job Postings",
Sales Representative in Renewables,sales-representative-in-renewables,https://outreachrecruitment.net/jobs/sales-representative-in-renewables,200,True,True,PASS,Submitted and indexed,INDEXING_ALLOWED,SUCCESSFUL,ALLOWED,2026-10-07T16:59:04Z,https://outreachrecruitment.net/jobs/sales-representative-in-renewables,https://outreachrecruitment.net/jobs/sales-representative-in-renewables/,True,,PASS,"Breadcrumbs, Job Postings",
HVAC Project Manager,hvac-project-manager,https://outreachrecruitment.net/jobs/hvac-project-manager,200,True,True,PASS,Submitted and indexed,INDEXING_ALLOWED,SUCCESSFUL,ALLOWED,2026-09-29T22:58:13Z,https://outreachrecruitment.net/jobs/hvac-project-manager,https://outreachrecruitment.net/jobs/hvac-project-manager/,True,,PASS,"Breadcrumbs, Job Postings",
HVAC Sales Representative,hvac-sales-representative,https://outreachrecruitment.net/jobs/hvac-sales-representative,200,True,True,PASS,Submitted and indexed,INDEXING_ALLOWED,SUCCESSFUL,ALLOWED,2026-10-07T20:47:38Z,https://outreachrecruitment.net/jobs/hvac-sales-representative,https://outreachrecruitment.net/jobs/hvac-sales-representative/,True,,PASS,"Breadcrumbs, Job Postings",
Maintenance Technician - Electrical Licence A or B),maintenance-technician-electrical-licence-a-or-b,https://outreachrecruitment.net/jobs/maintenance-technician-electrical-licence-a-or-b,200,True,True,PASS,Submitted and indexed,INDEXING_ALLOWED,SUCCESSFUL,ALLOWED,2026-10-07T10:03:04Z,https://outreachrecruitment.net/jobs/maintenance-technician-electrical-licence-a-or-b,https://outreachrecruitment.net/jobs/maintenance-technician-electrical-licence-a-or-b/,True,,PASS,"Breadcrumbs, Job Postings",
IT Support Executive,it-support-executive,https://outreachrecruitment.net/jobs/it-support-executive,200,True,True,PASS,Submitted and indexed,INDEXING_ALLOWED,SUCCESSFUL,ALLOWED,2026-09-28T20:58:09Z,https://outreachrecruitment.net/jobs/it-support-executive,https://outreachrecruitment.net/jobs/it-support-executive/,True,,PASS,"Breadcrumbs, Job Postings",
General Maintenance Technician,general-maintenance-technician,https://outreachrecruitment.net/jobs/general-maintenance-technician,200,True,True,PASS,Submitted and indexed,INDEXING_ALLOWED,SUCCESSFUL,ALLOWED,2026-10-06T18:35:54Z,https://outreachrecruitment.net/jobs/general-maintenance-technician,https://outreachrecruitment.net/jobs/general-maintenance-technician/,True,,PASS,"Breadcrumbs, Job Postings",
Counter assistant,counter-assistant,https://outreachrecruitment.net/jobs/counter-assistant,200,True,True,PASS,Submitted and indexed,INDEXING_ALLOWED,SUCCESSFUL,ALLOWED,2026-09-29T08:55:05Z,https://outreachrecruitment.net/jobs/counter-assistant,https://outreachrecruitment.net/jobs/counter-assistant/,True,,PASS,"Breadcrumbs, Job Postings",
Kitchen Assistant,kitchen-assistant,https://outreachrecruitment.net/jobs/kitchen-assistant,200,True,True,PASS,Submitted and indexed,INDEXING_ALLOWED,SUCCESSFUL,ALLOWED,2026-10-06T11:55:09Z,https://outreachrecruitment.net/jobs/kitchen-assistant,https://outreachrecruitment.net/jobs/kitchen-assistant/,True,,PASS,"Breadcrumbs, Job Postings",
Heavy Machine Operator,heavy-machine-operator,https://outreachrecruitment.net/jobs/heavy-machine-operator,200,True,True,PASS,Submitted and indexed,INDEXING_ALLOWED,SUCCESSFUL,ALLOWED,2026-09-23T20:58:58Z,https://outreachrecruitment.net/jobs/heavy-machine-operator,https://outreachrecruitment.net/jobs/heavy-machine-operator/,True,,PASS,"Breadcrumbs, Job Postings",
Housekeeping Attendant,housekeeping-attendant,https://outreachrecruitment.net/jobs/housekeeping-attendant,200,True,True,PASS,Submitted and indexed,INDEXING_ALLOWED,SUCCESSFUL,ALLOWED,2026-10-03T08:10:01Z,https://outreachrecruitment.net/jobs/housekeeping-attendant,https://outreachrecruitment.net/jobs/housekeeping-attendant/,True,,PASS,"Breadcrumbs, Job Postings",
Accounts Payable,accounts-payable,https://outreachrecruitment.net/jobs/accounts-payable,200,True,True,PASS,Submitted and indexed,INDEXING_ALLOWED,SUCCESSFUL,ALLOWED,2026-10-07T18:15:08Z,https://outreachrecruitment.net/jobs/accounts-payable,https://outreachrecruitment.net/jobs/accounts-payable/,True,,PASS,"Breadcrumbs, Job Postings",
Tax Manager,tax-manager,https://outreachrecruitment.net/jobs/tax-manager,200,True,True,PASS,Submitted and indexed,INDEXING_ALLOWED,SUCCESSFUL,ALLOWED,2026-10-05T08:13:40Z,https://outreachrecruitment.net/jobs/tax-manager,https://outreachrecruitment.net/jobs/tax-manager/,True,,PASS,"Breadcrumbs, Job Postings",
Automotive Service Advisor,automotive-service-advisor,https://outreachrecruitment.net/jobs/automotive-service-advisor,200,True,True,PASS,Submitted and indexed,INDEXING_ALLOWED,SUCCESSFUL,ALLOWED,2026-09-27T07:08:58Z,https://outreachrecruitment.net/jobs/automotive-service-advisor,https://outreachrecruitment.net/jobs/automotive-service-advisor/,True,,PASS,"Breadcrumbs, Job Postings",
High Voltage Motor Vehicle Technician,high-voltage-motor-vehicle-technician,https://outreachrecruitment.net/jobs/high-voltage-motor-vehicle-technician,200,True,True,PASS,Submitted and indexed,INDEXING_ALLOWED,SUCCESSFUL,ALLOWED,2026-10-07T19:57:08Z,https://outreachrecruitment.net/jobs/high-voltage-motor-vehicle-technician,https://outreachrecruitment.net/jobs/high-voltage-motor-vehicle-technician/,True,,PASS,"Breadcrumbs, Job Postings",
Audit Senior Associate,audit-senior-associate,https://outreachrecruitment.net/jobs/audit-senior-associate,200,True,True,PASS,Submitted and indexed,INDEXING_ALLOWED,SUCCESSFUL,ALLOWED,2026-10-03T18:27:25Z,https://outreachrecruitment.net/jobs/audit-senior-associate,https://outreachrecruitment.net/jobs/audit-senior-associate/,True,,PASS,"Breadcrumbs, Job Postings",
Customer Contact Centre Representative,customer-contact-centre-representative,https://outreachrecruitment.net/jobs/customer-contact-centre-representative,200,True,True,PASS,Submitted and indexed,INDEXING_ALLOWED,SUCCESSFUL,ALLOWED,2026-10-01T03:33:07Z,https://outreachrecruitment.net/jobs/customer-contact-centre-representative,https://outreachrecruitment.net/jobs/customer-contact-centre-representative/,True,,PASS,"Breadcrumbs, Job Postings",
Builders and Shutterers,builders-and-shutterers,https://outreachrecruitment.net/jobs/builders-and-shutterers,200,True,True,PASS,Submitted and indexed,INDEXING_ALLOWED,SUCCESSFUL,ALLOWED,2026-10-06T18:44:09Z,https://outreachrecruitment.net/jobs/builders-and-shutterers,https://outreachrecruitment.net/jobs/builders-and-shutterers/,True,,PASS,"Breadcrumbs, Job Postings",
Draughtsperson,draughtsperson,https://outreachrecruitment.net/jobs/draughtsperson,200,True,True,PASS,Submitted and indexed,INDEXING_ALLOWED,SUCCESSFUL,ALLOWED,2026-10-06T09:31:09Z,https://outreachrecruitment.net/jobs/draughtsperson,https://outreachrecruitment.net/jobs/draughtsperson/,True,,PASS,"Breadcrumbs, Job Postings",
Associate Tax Advisor,associate-tax-advisor,https://outreachrecruitment.net/jobs/associate-tax-advisor,200,True,True,PASS,Submitted and indexed,INDEXING_ALLOWED,SUCCESSFUL,ALLOWED,2026-10-05T18:32:12Z,https://outreachrecruitment.net/jobs/associate-tax-advisor,https://outreachrecruitment.net/jobs/associate-tax-advisor/,True,,PASS,"Breadcrumbs, Job Postings",
Customer Care Associate,customer-care-associate,https://outreachrecruitment.net/jobs/customer-care-associate,200,True,True,PASS,Submitted and indexed,INDEXING_ALLOWED,SUCCESSFUL,ALLOWED,2026-09-29T11:11:23Z,https://outreachrecruitment.net/jobs/customer-care-associate,https://outreachrecruitment.net/jobs/customer-care-associate/,True,,PASS,"Breadcrumbs, Job Postings",
Sales Executive - Luxury Retail,sales-executive-luxury-retail,https://outreachrecruitment.net/jobs/sales-executive-luxury-retail,200,True,True,PASS,Submitted and indexed,INDEXING_ALLOWED,SUCCESSFUL,ALLOWED,2026-09-27T19:47:04Z,https://outreachrecruitment.net/jobs/sales-executive-luxury-retail,https://outreachrecruitment.net/jobs/sales-executive-luxury-retail/,True,,PASS,"Breadcrumbs, Job Postings",
Bottling Operator,bottling-operator,https://outreachrecruitment.net/jobs/bottling-operator,200,True,True,PASS,Submitted and indexed,INDEXING_ALLOWED,SUCCESSFUL,ALLOWED,2026-10-08T00:10:07Z,https://outreachrecruitment.net/jobs/bottling-operator,https://outreachrecruitment.net/jobs/bottling-operator/,True,,PASS,"Breadcrumbs, Job Postings",
Motor Vehicle Mechanic/Technician,motor-vehicle-mechanictechnician,https://outreachrecruitment.net/jobs/motor-vehicle-mechanictechnician,200,True,True,PASS,Submitted and indexed,INDEXING_ALLOWED,SUCCESSFUL,ALLOWED,2026-10-06T13:16:04Z,https://outreachrecruitment.net/jobs/motor-vehicle-mechanictechnician,https://outreachrecruitment.net/jobs/motor-vehicle-mechanictechnician/,True,,PASS,"Breadcrumbs, Job Postings",
Automotive Parts Personnel,automotive-parts-personnel,https://outreachrecruitment.net/jobs/automotive-parts-personnel,200,True,True,PASS,Submitted and indexed,INDEXING_ALLOWED,SUCCESSFUL,ALLOWED,2026-10-07T09:12:58Z,https://outreachrecruitment.net/jobs/automotive-parts-personnel,https://outreachrecruitment.net/jobs/automotive-parts-personnel/,True,,PASS,"Breadcrumbs, Job Postings",
Corporate Insurance Associate,corporate-insurance-associate,https://outreachrecruitment.net/jobs/corporate-insurance-associate,200,True,True,PASS,Submitted and indexed,INDEXING_ALLOWED,SUCCESSFUL,ALLOWED,2026-10-08T04:02:54Z,https://outreachrecruitment.net/jobs/corporate-insurance-associate,https://outreachrecruitment.net/jobs/corporate-insurance-associate/,True,,PASS,"Breadcrumbs, Job Postings",
Wood Painting & Finishing Specialist,wood-painting-finishing-specialist,https://outreachrecruitment.net/jobs/wood-painting-finishing-specialist,200,True,True,PASS,Submitted and indexed,INDEXING_ALLOWED,SUCCESSFUL,ALLOWED,2026-10-03T09:22:59Z,https://outreachrecruitment.net/jobs/wood-painting-finishing-specialist,https://outreachrecruitment.net/jobs/wood-painting-finishing-specialist/,True,,PASS,"Breadcrumbs, Job Postings",
Delivery Driver - Malta C License,delivery-driver-malta-c-license,https://outreachrecruitment.net/jobs/delivery-driver-malta-c-license,200,True,True,PASS,Submitted and indexed,INDEXING_ALLOWED,SUCCESSFUL,ALLOWED,2026-10-06T14:15:53Z,https://outreachrecruitment.net/jobs/delivery-driver-malta-c-license,https://outreachrecruitment.net/jobs/delivery-driver-malta-c-license/,True,,PASS,"Breadcrumbs, Job Postings",
Health Claims Associate,health-claims-associate,https://outreachrecruitment.net/jobs/health-claims-associate,200,True,True,PASS,Submitted and indexed,INDEXING_ALLOWED,SUCCESSFUL,ALLOWED,2026-10-07T12:25:15Z,https://outreachrecruitment.net/jobs/health-claims-associate,https://outreachrecruitment.net/jobs/health-claims-associate/,True,,PASS,"Breadcrumbs, Job Postings",
Delivery Drivers - C1 Malta License,delivery-drivers-c1-malta-license,https://outreachrecruitment.net/jobs/delivery-drivers-c1-malta-license,200,True,True,PASS,Submitted and indexed,INDEXING_ALLOWED,SUCCESSFUL,ALLOWED,2026-10-07T08:32:02Z,https://outreachrecruitment.net/jobs/delivery-drivers-c1-malta-license,https://outreachrecruitment.net/jobs/delivery-drivers-c1-malta-license/,True,,PASS,"Breadcrumbs, Job Postings",
Auditor,auditor,https://outreachrecruitment.net/jobs/auditor,200,True,True,PASS,Submitted and indexed,INDEXING_ALLOWED,SUCCESSFUL,ALLOWED,2026-10-03T01:49:21Z,https://outreachrecruitment.net/jobs/auditor,https://outreachrecruitment.net/jobs/auditor/,True,,PASS,"Breadcrumbs, Job Postings",
CNC Machine Operator,cnc-machine-operator,https://outreachrecruitment.net/jobs/cnc-machine-operator,200,True,True,PASS,Submitted and indexed,INDEXING_ALLOWED,SUCCESSFUL,ALLOWED,2026-10-05T20:25:58Z,https://outreachrecruitment.net/jobs/cnc-machine-operator,https://outreachrecruitment.net/jobs/cnc-machine-operator/,True,,PASS,"Breadcrumbs, Job Postings",
Room Attendents,room-attendents,https://outreachrecruitment.net/jobs/room-attendents,200,True,True,PASS,Submitted and indexed,INDEXING_ALLOWED,SUCCESSFUL,ALLOWED,2026-10-03T23:48:23Z,https://outreachrecruitment.net/jobs/room-attendents,https://outreachrecruitment.net/jobs/room-attendents/,True,,PASS,"Breadcrumbs, Job Postings",
Finance Associate,finance-associate,https://outreachrecruitment.net/jobs/finance-associate,200,True,True,PASS,Submitted and indexed,INDEXING_ALLOWED,SUCCESSFUL,ALLOWED,2026-10-01T06:46:53Z,https://outreachrecruitment.net/jobs/finance-associate,https://outreachrecruitment.net/jobs/finance-associate/,True,,PASS,"Breadcrumbs, Job Postings",
Skilled Carpenters,skilled-carpenters,https://outreachrecruitment.net/jobs/skilled-carpenters,200,True,True,PASS,Submitted and indexed,INDEXING_ALLOWED,SUCCESSFUL,ALLOWED,2026-09-23T09:18:23Z,https://outreachrecruitment.net/jobs/skilled-carpenters,https://outreachrecruitment.net/jobs/skilled-carpenters/,True,,PASS,"Breadcrumbs, Job Postings",
Delivery Person with Driving Licence C1,delivery-person-with-driving-licence-c1,https://outreachrecruitment.net/jobs/delivery-person-with-driving-licence-c1,200,True,True,PASS,Submitted and indexed,INDEXING_ALLOWED,SUCCESSFUL,ALLOWED,2026-10-06T21:22:41Z,https://outreachrecruitment.net/jobs/delivery-person-with-driving-licence-c1,https://outreachrecruitment.net/jobs/delivery-person-with-driving-licence-c1/,True,,PASS,"Breadcrumbs, Job Postings",
Commercial Insurance Associate,commercial-insurance-associate,https://outreachrecruitment.net/jobs/commercial-insurance-associate,200,True,True,PASS,Submitted and indexed,INDEXING_ALLOWED,SUCCESSFUL,ALLOWED,2026-09-27T09:29:28Z,https://outreachrecruitment.net/jobs/commercial-insurance-associate,https://outreachrecruitment.net/jobs/commercial-insurance-associate/,True,,PASS,"Breadcrumbs, Job Postings",
Aluminum Install and Fabrication Foreman,aluminum-install-and-fabrication-foreman,https://outreachrecruitment.net/jobs/aluminum-install-and-fabrication-foreman,200,True,True,PASS,Submitted and indexed,INDEXING_ALLOWED,SUCCESSFUL,ALLOWED,2026-10-07T21:57:13Z,https://outreachrecruitment.net/jobs/aluminum-install-and-fabrication-foreman,https://outreachrecruitment.net/jobs/aluminum-install-and-fabrication-foreman/,True,,PASS,"Breadcrumbs, Job Postings",
Audit Senior,audit-senior,https://outreachrecruitment.net/jobs/audit-senior,200,True,True,PASS,Submitted and indexed,INDEXING_ALLOWED,SUCCESSFUL,ALLOWED,2026-10-04T22:24:41Z,https://outreachrecruitment.net/jobs/audit-senior,https://outreachrecruitment.net/jobs/audit-senior/,True,,PASS,"Breadcrumbs, Job Postings",
Product Owner - Hybrid,product-owner-hybrid,https://outreachrecruitment.net/jobs/product-owner-hybrid,200,True,True,PASS,Submitted and indexed,INDEXING_ALLOWED,SUCCESSFUL,ALLOWED,2026-10-06T19:28:02Z,https://outreachrecruitment.net/jobs/product-owner-hybrid,https://outreachrecruitment.net/jobs/product-owner-hybrid/,True,,PASS,"Breadcrumbs, Job Postings",
Volvo Penta Mechanic,volvo-penta-mechanic,https://outreachrecruitment.net/jobs/volvo-penta-mechanic,200,True,True,PASS,Submitted and indexed,INDEXING_ALLOWED,SUCCESSFUL,ALLOWED,2026-10-07T21:26:52Z,https://outreachrecruitment.net/jobs/volvo-penta-mechanic,https://outreachrecruitment.net/jobs/volvo-penta-mechanic/,True,,PASS,"Breadcrumbs, Job Postings",
Sign Assembler & Installer,sign-assembler-installer,https://outreachrecruitment.net/jobs/sign-assembler-installer,200,True,True,PASS,Submitted and indexed,INDEXING_ALLOWED,SUCCESSFUL,ALLOWED,2026-09-28T20:14:36Z,https://outreachrecruitment.net/jobs/sign-assembler-installer,https://outreachrecruitment.net/jobs/sign-assembler-installer/,True,,PASS,"Breadcrumbs, Job Postings",
Hotel Porter,hotel-porter,https://outreachrecruitment.net/jobs/hotel-porter,200,True,True,PASS,Submitted and indexed,INDEXING_ALLOWED,SUCCESSFUL,ALLOWED,2026-10-05T09:15:07Z,https://outreachrecruitment.net/jobs/hotel-porter,https://outreachrecruitment.net/jobs/hotel-porter/,True,,PASS,"Breadcrumbs, Job Postings",
Boat Maintenance,boat-maintenance,https://outreachrecruitment.net/jobs/boat-maintenance,200,True,True,PASS,Submitted and indexed,INDEXING_ALLOWED,SUCCESSFUL,ALLOWED,2026-10-07T07:41:53Z,https://outreachrecruitment.net/jobs/boat-maintenance,https://outreachrecruitment.net/jobs/boat-maintenance/,True,,PASS,"Breadcrumbs, Job Postings",
First Line Support - Hybrid,first-line-support-hybrid,https://outreachrecruitment.net/jobs/first-line-support-hybrid,200,True,True,PASS,Submitted and indexed,INDEXING_ALLOWED,SUCCESSFUL,ALLOWED,2026-10-05T10:21:38Z,https://outreachrecruitment.net/jobs/first-line-support-hybrid,https://outreachrecruitment.net/jobs/first-line-support-hybrid/,True,,PASS,"Breadcrumbs, Job Postings",
Semi-Senior Accountant,semi-senior-accountant,https://outreachrecruitment.net/jobs/semi-senior-accountant,200,True,True,PASS,Submitted and indexed,INDEXING_ALLOWED,SUCCESSFUL,ALLOWED,2026-10-06T10:48:13Z,https://outreachrecruitment.net/jobs/semi-senior-accountant,https://outreachrecruitment.net/jobs/semi-senior-accountant/,True,,PASS,"Breadcrumbs, Job Postings",
Sales Executive,sales-executive-2,https://outreachrecruitment.net/jobs/sales-executive-2,200,True,True,PASS,Submitted and indexed,INDEXING_ALLOWED,SUCCESSFUL,ALLOWED,2026-10-05T19:33:01Z,https://outreachrecruitment.net/jobs/sales-executive-2,https://outreachrecruitment.net/jobs/sales-executive-2/,True,,PASS,"Breadcrumbs, Job Postings",
Housekeeper,housekeeper-2,https://outreachrecruitment.net/jobs/housekeeper-2,200,True,True,PASS,Submitted and indexed,INDEXING_ALLOWED,SUCCESSFUL,ALLOWED,2026-10-06T17:09:58Z,https://outreachrecruitment.net/jobs/housekeeper-2,https://outreachrecruitment.net/jobs/housekeeper-2/,True,,PASS,"Breadcrumbs, Job Postings",
Accounts Senior,accounts-senior-2,https://outreachrecruitment.net/jobs/accounts-senior-2,200,True,True,PASS,Submitted and indexed,INDEXING_ALLOWED,SUCCESSFUL,ALLOWED,2026-10-04T12:06:12Z,https://outreachrecruitment.net/jobs/accounts-senior-2,https://outreachrecruitment.net/jobs/accounts-senior-2/,True,,PASS,"Breadcrumbs, Job Postings",
