title,url,issue
Junior Administrative Executive,https://outreachrecruitment.net/jobs/junior-administrative-executive,Not linked from a category jobs page
Marine Mechanical Engineer,https://outreachrecruitment.net/jobs/marine-mechanical-engineer,Not linked from a category jobs page
Head of Spa,https://outreachrecruitment.net/jobs/head-of-spa-2,Not linked from a category jobs page
Night Cleaner,https://outreachrecruitment.net/jobs/night-cleaner,Not linked from a category jobs page
Banqueting F&B Supervisor,https://outreachrecruitment.net/jobs/banqueting-fb-supervisor,Not linked from a category jobs page
Procurement Officer,https://outreachrecruitment.net/jobs/procurement-officer,Not linked from a category jobs page
Operations Supervisor,https://outreachrecruitment.net/jobs/operations-supervisor,Not linked from a category jobs page
Learning & Development Executive - Hybrid,https://outreachrecruitment.net/jobs/learning-development-executive-hybrid,Not linked from a category jobs page
Payment Clearing Specialist,https://outreachrecruitment.net/jobs/payment-clearing-specialist,Not linked from a category jobs page
Auto Electrician (Heavy Vehicles),https://outreachrecruitment.net/jobs/auto-electrician-heavy-vehicles,Not linked from a category jobs page
Public Area Cleaner,https://outreachrecruitment.net/jobs/public-area-cleaner,Not linked from a category jobs page
Kitchen Helper,https://outreachrecruitment.net/jobs/kitchen-helper,Not linked from a category jobs page
Ship Chandler,https://outreachrecruitment.net/jobs/ship-chandler,Not linked from a category jobs page
Fleet Mechanical Superintendent,https://outreachrecruitment.net/jobs/fleet-mechanical-superintendent,Not linked from a category jobs page
Customer Care Agent,https://outreachrecruitment.net/jobs/customer-care-agent,Not linked from a category jobs page
Tank Cleaner,https://outreachrecruitment.net/jobs/tank-cleaner,Not linked from a category jobs page
Welder / Burner / Pipe Fitter,https://outreachrecruitment.net/jobs/welder-burner-pipe-fitter,Not linked from a category jobs page
Shipyard Sprayer / Painter,https://outreachrecruitment.net/jobs/shipyard-sprayer-painter,Not linked from a category jobs page
Marine Carpenter,https://outreachrecruitment.net/jobs/marine-carpenter,Not linked from a category jobs page
Electronic Technician,https://outreachrecruitment.net/jobs/electronic-technician,Not linked from a category jobs page
Commercial Divers,https://outreachrecruitment.net/jobs/commercial-divers,Not linked from a category jobs page
Trailer Drivers,https://outreachrecruitment.net/jobs/trailer-drivers,Not linked from a category jobs page
Purchasing Manager,https://outreachrecruitment.net/jobs/purchasing-manager,Not linked from a category jobs page
Quality Engineer,https://outreachrecruitment.net/jobs/quality-engineer,Not linked from a category jobs page
Marine Turner,https://outreachrecruitment.net/jobs/marine-turner,Not linked from a category jobs page
Plate Shop Foreman,https://outreachrecruitment.net/jobs/plate-shop-foreman,Not linked from a category jobs page
QHSE Manager,https://outreachrecruitment.net/jobs/qhse-manager-malta,Not linked from a category jobs page
"Fleet, Tools and Facility Manager",https://outreachrecruitment.net/jobs/fleet-tools-facility-manager,Not linked from a category jobs page
HR Administration Officer,https://outreachrecruitment.net/jobs/hr-administration-officer,Not linked from a category jobs page
Purchasing Officer,https://outreachrecruitment.net/jobs/purchasing-officer,Not linked from a category jobs page
Estimator,https://outreachrecruitment.net/jobs/estimator,Not linked from a category jobs page
Structural Engineer,https://outreachrecruitment.net/jobs/structural-engineer,Not linked from a category jobs page
Senior Quantity Estimator (M&E),https://outreachrecruitment.net/jobs/senior-quantity-estimator-me,Not linked from a category jobs page
HVAC Project Manager,https://outreachrecruitment.net/jobs/hvac-project-manager,Not linked from a category jobs page
HVAC Sales Representative,https://outreachrecruitment.net/jobs/hvac-sales-representative,Not linked from a category jobs page
Maintenance Technician - Electrical Licence A or B),https://outreachrecruitment.net/jobs/maintenance-technician-electrical-licence-a-or-b,Not linked from a category jobs page
Automotive Service Advisor,https://outreachrecruitment.net/jobs/automotive-service-advisor,Not linked from a category jobs page
Draughtsperson,https://outreachrecruitment.net/jobs/draughtsperson,Not linked from a category jobs page
Automotive Parts Personnel,https://outreachrecruitment.net/jobs/automotive-parts-personnel,Not linked from a category jobs page
Delivery Driver - Malta C License,https://outreachrecruitment.net/jobs/delivery-driver-malta-c-license,Not linked from a category jobs page
Delivery Drivers - C1 Malta License,https://outreachrecruitment.net/jobs/delivery-drivers-c1-malta-license,Not linked from a category jobs page
Delivery Person with Driving Licence C1,https://outreachrecruitment.net/jobs/delivery-person-with-driving-licence-c1,Not linked from a category jobs page
Product Owner - Hybrid,https://outreachrecruitment.net/jobs/product-owner-hybrid,Not linked from a category jobs page
Volvo Penta Mechanic,https://outreachrecruitment.net/jobs/volvo-penta-mechanic,Not linked from a category jobs page
Sign Assembler & Installer,https://outreachrecruitment.net/jobs/sign-assembler-installer,Not linked from a category jobs page
Boat Maintenance,https://outreachrecruitment.net/jobs/boat-maintenance,Not linked from a category jobs page
First Line Support - Hybrid,https://outreachrecruitment.net/jobs/first-line-support-hybrid,Not linked from a category jobs page
