title,url,target_keyword,issue
Front Office Executive,https://outreachrecruitment.net/jobs/front-office-executive,Front Office Executive jobs in Malta,Target phrase missing: Front Office Executive jobs in Malta
Italian Restaurant – Multiple Hospitality Positions,https://outreachrecruitment.net/jobs/italian-restaurant-hospitality-positions-dubai,Italian Restaurant – Multiple Hospitality Positions jobs in Malta,Meta title does not include exact job title
Italian Restaurant – Multiple Hospitality Positions,https://outreachrecruitment.net/jobs/italian-restaurant-hospitality-positions-dubai,Italian Restaurant – Multiple Hospitality Positions jobs in Malta,Meta title missing Malta
Italian Restaurant – Multiple Hospitality Positions,https://outreachrecruitment.net/jobs/italian-restaurant-hospitality-positions-dubai,Italian Restaurant – Multiple Hospitality Positions jobs in Malta,Meta description does not include exact job title
Italian Restaurant – Multiple Hospitality Positions,https://outreachrecruitment.net/jobs/italian-restaurant-hospitality-positions-dubai,Italian Restaurant – Multiple Hospitality Positions jobs in Malta,Meta description missing Malta
Italian Restaurant – Multiple Hospitality Positions,https://outreachrecruitment.net/jobs/italian-restaurant-hospitality-positions-dubai,Italian Restaurant – Multiple Hospitality Positions jobs in Malta,Target phrase missing: Italian Restaurant – Multiple Hospitality Positions jobs in Malta
Junior Administrative Executive,https://outreachrecruitment.net/jobs/junior-administrative-executive,Junior Administrative Executive jobs in Malta,Target phrase missing: Junior Administrative Executive jobs in Malta
Crane Installer,https://outreachrecruitment.net/jobs/crane-installer,Crane Installer jobs in Malta,Target phrase missing: Crane Installer jobs in Malta
Beauty Specialist / Nail Technician,https://outreachrecruitment.net/jobs/beauty-specialist-nail-technician,Beauty Specialist / Nail Technician jobs in Malta,Meta title does not include exact job title
Beauty Specialist / Nail Technician,https://outreachrecruitment.net/jobs/beauty-specialist-nail-technician,Beauty Specialist / Nail Technician jobs in Malta,Target phrase missing: Beauty Specialist / Nail Technician jobs in Malta
Marine Mechanical Engineer,https://outreachrecruitment.net/jobs/marine-mechanical-engineer,Marine Mechanical Engineer jobs in Malta,Target phrase missing: Marine Mechanical Engineer jobs in Malta
Maintenance Manager,https://outreachrecruitment.net/jobs/maintenance-manager-mellieha,Maintenance Manager jobs in Malta,Target phrase missing: Maintenance Manager jobs in Malta
Restaurant Manager - Italian Speaking,https://outreachrecruitment.net/jobs/restaurant-manager-italian-speaking,Restaurant Manager - Italian Speaking jobs in Malta,Meta title does not include exact job title
Restaurant Manager - Italian Speaking,https://outreachrecruitment.net/jobs/restaurant-manager-italian-speaking,Restaurant Manager - Italian Speaking jobs in Malta,Meta description does not include exact job title
Restaurant Manager - Italian Speaking,https://outreachrecruitment.net/jobs/restaurant-manager-italian-speaking,Restaurant Manager - Italian Speaking jobs in Malta,Target phrase missing: Restaurant Manager - Italian Speaking jobs in Malta
Gypsum Installers,https://outreachrecruitment.net/jobs/gypsum-installers,Gypsum Installers jobs in Malta,Meta title does not include exact job title
Gypsum Installers,https://outreachrecruitment.net/jobs/gypsum-installers,Gypsum Installers jobs in Malta,Meta description does not include exact job title
Gypsum Installers,https://outreachrecruitment.net/jobs/gypsum-installers,Gypsum Installers jobs in Malta,Target phrase missing: Gypsum Installers jobs in Malta
Mini Bus Driver – Licence D,https://outreachrecruitment.net/jobs/mini-bus-driver-licence-d,Mini Bus Driver – Licence D jobs in Malta,Meta title does not include exact job title
Mini Bus Driver – Licence D,https://outreachrecruitment.net/jobs/mini-bus-driver-licence-d,Mini Bus Driver – Licence D jobs in Malta,Meta description does not include exact job title
Mini Bus Driver – Licence D,https://outreachrecruitment.net/jobs/mini-bus-driver-licence-d,Mini Bus Driver – Licence D jobs in Malta,Target phrase missing: Mini Bus Driver – Licence D jobs in Malta
Proposal Engineer – Energy Solutions,https://outreachrecruitment.net/jobs/proposal-engineer-energy-solutions,Proposal Engineer – Energy Solutions jobs in Malta,Meta title does not include exact job title
Proposal Engineer – Energy Solutions,https://outreachrecruitment.net/jobs/proposal-engineer-energy-solutions,Proposal Engineer – Energy Solutions jobs in Malta,Target phrase missing: Proposal Engineer – Energy Solutions jobs in Malta
Head Chef in Gozo,https://outreachrecruitment.net/jobs/head-chef-in-gozo,Head Chef in Gozo jobs in Malta,Meta title does not include exact job title
Head Chef in Gozo,https://outreachrecruitment.net/jobs/head-chef-in-gozo,Head Chef in Gozo jobs in Malta,Target phrase missing: Head Chef in Gozo jobs in Malta
Storekeeper,https://outreachrecruitment.net/jobs/storekeeper-zebbug,Storekeeper jobs in Malta,Target phrase missing: Storekeeper jobs in Malta
Driver License B,https://outreachrecruitment.net/jobs/driver-license-b,Driver License B jobs in Malta,Target phrase missing: Driver License B jobs in Malta
Forklift Operator,https://outreachrecruitment.net/jobs/forklift-operator,Forklift Operator jobs in Malta,Target phrase missing: Forklift Operator jobs in Malta
Front Office Agent,https://outreachrecruitment.net/jobs/front-office-agent,Front Office Agent jobs in Malta,Meta description missing Malta
Front Office Agent,https://outreachrecruitment.net/jobs/front-office-agent,Front Office Agent jobs in Malta,Target phrase missing: Front Office Agent jobs in Malta
Head of Spa,https://outreachrecruitment.net/jobs/head-of-spa-2,Head of Spa jobs in Malta,Meta description missing Malta
Head of Spa,https://outreachrecruitment.net/jobs/head-of-spa-2,Head of Spa jobs in Malta,Target phrase missing: Head of Spa jobs in Malta
Night Cleaner,https://outreachrecruitment.net/jobs/night-cleaner,Night Cleaner jobs in Malta,Meta description missing Malta
Night Cleaner,https://outreachrecruitment.net/jobs/night-cleaner,Night Cleaner jobs in Malta,Target phrase missing: Night Cleaner jobs in Malta
Banqueting F&B Supervisor,https://outreachrecruitment.net/jobs/banqueting-fb-supervisor,Banqueting F&B Supervisor jobs in Malta,Target phrase missing: Banqueting F&B Supervisor jobs in Malta
Assistance Operations Coordinator,https://outreachrecruitment.net/jobs/assistance-operations-coordinator,Assistance Operations Coordinator jobs in Malta,Target phrase missing: Assistance Operations Coordinator jobs in Malta
Procurement Officer,https://outreachrecruitment.net/jobs/procurement-officer,Procurement Officer jobs in Malta,Target phrase missing: Procurement Officer jobs in Malta
Operations Supervisor,https://outreachrecruitment.net/jobs/operations-supervisor,Operations Supervisor jobs in Malta,Target phrase missing: Operations Supervisor jobs in Malta
Heavy Equipment Mechanic,https://outreachrecruitment.net/jobs/heavy-equipment-mechanic-2,Heavy Equipment Mechanic jobs in Malta,Target phrase missing: Heavy Equipment Mechanic jobs in Malta
Learning & Development Executive - Hybrid,https://outreachrecruitment.net/jobs/learning-development-executive-hybrid,Learning & Development Executive - Hybrid jobs in Malta,Meta description missing Malta
Learning & Development Executive - Hybrid,https://outreachrecruitment.net/jobs/learning-development-executive-hybrid,Learning & Development Executive - Hybrid jobs in Malta,Target phrase missing: Learning & Development Executive - Hybrid jobs in Malta
Payment Clearing Specialist,https://outreachrecruitment.net/jobs/payment-clearing-specialist,Payment Clearing Specialist jobs in Malta,Meta description missing Malta
Payment Clearing Specialist,https://outreachrecruitment.net/jobs/payment-clearing-specialist,Payment Clearing Specialist jobs in Malta,Target phrase missing: Payment Clearing Specialist jobs in Malta
Auto Electrician (Heavy Vehicles),https://outreachrecruitment.net/jobs/auto-electrician-heavy-vehicles,Auto Electrician (Heavy Vehicles) jobs in Malta,Meta title does not include exact job title
Auto Electrician (Heavy Vehicles),https://outreachrecruitment.net/jobs/auto-electrician-heavy-vehicles,Auto Electrician (Heavy Vehicles) jobs in Malta,Meta description does not include exact job title
Auto Electrician (Heavy Vehicles),https://outreachrecruitment.net/jobs/auto-electrician-heavy-vehicles,Auto Electrician (Heavy Vehicles) jobs in Malta,Target phrase missing: Auto Electrician (Heavy Vehicles) jobs in Malta
Heavy Equipment Mechanic,https://outreachrecruitment.net/jobs/heavy-equipment-mechanic,Heavy Equipment Mechanic jobs in Malta,Target phrase missing: Heavy Equipment Mechanic jobs in Malta
Steel Shutter Installer,https://outreachrecruitment.net/jobs/steel-shutter-installer,Steel Shutter Installer jobs in Malta,Target phrase missing: Steel Shutter Installer jobs in Malta
Junior Revenue & Accounts Analyst,https://outreachrecruitment.net/jobs/junior-revenue-accounts-analyst,Junior Revenue & Accounts Analyst jobs in Malta,Meta description does not include exact job title
Junior Revenue & Accounts Analyst,https://outreachrecruitment.net/jobs/junior-revenue-accounts-analyst,Junior Revenue & Accounts Analyst jobs in Malta,Target phrase missing: Junior Revenue & Accounts Analyst jobs in Malta
Public Area Cleaner,https://outreachrecruitment.net/jobs/public-area-cleaner,Public Area Cleaner jobs in Malta,Target phrase missing: Public Area Cleaner jobs in Malta
Head Chef,https://outreachrecruitment.net/jobs/head-chef-steakhouse,Head Chef jobs in Malta,Target phrase missing: Head Chef jobs in Malta
Senior Waiter / Sommelier,https://outreachrecruitment.net/jobs/senior-waiter-sommelier,Senior Waiter / Sommelier jobs in Malta,Meta title does not include exact job title
Senior Waiter / Sommelier,https://outreachrecruitment.net/jobs/senior-waiter-sommelier,Senior Waiter / Sommelier jobs in Malta,Meta description missing Malta
Senior Waiter / Sommelier,https://outreachrecruitment.net/jobs/senior-waiter-sommelier,Senior Waiter / Sommelier jobs in Malta,Target phrase missing: Senior Waiter / Sommelier jobs in Malta
Deli Counter Assistant / Salumeria Specialist,https://outreachrecruitment.net/jobs/deli-counter-assistant-salumeria-specialist,Deli Counter Assistant / Salumeria Specialist jobs in Malta,Target phrase missing: Deli Counter Assistant / Salumeria Specialist jobs in Malta
Chef De Partie,https://outreachrecruitment.net/jobs/chef-de-partie-4,Chef De Partie jobs in Malta,Target phrase missing: Chef De Partie jobs in Malta
Kitchen Helper,https://outreachrecruitment.net/jobs/kitchen-helper,Kitchen Helper jobs in Malta,Meta description missing Malta
Kitchen Helper,https://outreachrecruitment.net/jobs/kitchen-helper,Kitchen Helper jobs in Malta,Target phrase missing: Kitchen Helper jobs in Malta
Ship Chandler,https://outreachrecruitment.net/jobs/ship-chandler,Ship Chandler jobs in Malta,Target phrase missing: Ship Chandler jobs in Malta
Fleet Mechanical Superintendent,https://outreachrecruitment.net/jobs/fleet-mechanical-superintendent,Fleet Mechanical Superintendent jobs in Malta,Meta title does not include exact job title
Fleet Mechanical Superintendent,https://outreachrecruitment.net/jobs/fleet-mechanical-superintendent,Fleet Mechanical Superintendent jobs in Malta,Target phrase missing: Fleet Mechanical Superintendent jobs in Malta
Customer Care Agent,https://outreachrecruitment.net/jobs/customer-care-agent,Customer Care Agent jobs in Malta,Target phrase missing: Customer Care Agent jobs in Malta
HVAC Technician,https://outreachrecruitment.net/jobs/hvac-technician,HVAC Technician jobs in Malta,Target phrase missing: HVAC Technician jobs in Malta
Delivery Man,https://outreachrecruitment.net/jobs/delivery-man,Delivery Man jobs in Malta,Target phrase missing: Delivery Man jobs in Malta
Head of HVAC Technicians,https://outreachrecruitment.net/jobs/head-of-hvac-technicians,Head of HVAC Technicians jobs in Malta,Target phrase missing: Head of HVAC Technicians jobs in Malta
Tank Cleaner,https://outreachrecruitment.net/jobs/tank-cleaner,Tank Cleaner jobs in Malta,Target phrase missing: Tank Cleaner jobs in Malta
Welder / Burner / Pipe Fitter,https://outreachrecruitment.net/jobs/welder-burner-pipe-fitter,Welder / Burner / Pipe Fitter jobs in Malta,Target phrase missing: Welder / Burner / Pipe Fitter jobs in Malta
Shipyard Sprayer / Painter,https://outreachrecruitment.net/jobs/shipyard-sprayer-painter,Shipyard Sprayer / Painter jobs in Malta,Target phrase missing: Shipyard Sprayer / Painter jobs in Malta
Marine Carpenter,https://outreachrecruitment.net/jobs/marine-carpenter,Marine Carpenter jobs in Malta,Target phrase missing: Marine Carpenter jobs in Malta
Electronic Technician,https://outreachrecruitment.net/jobs/electronic-technician,Electronic Technician jobs in Malta,Target phrase missing: Electronic Technician jobs in Malta
Commercial Divers,https://outreachrecruitment.net/jobs/commercial-divers,Commercial Divers jobs in Malta,Target phrase missing: Commercial Divers jobs in Malta
Trailer Drivers,https://outreachrecruitment.net/jobs/trailer-drivers,Trailer Drivers jobs in Malta,Target phrase missing: Trailer Drivers jobs in Malta
Purchasing Manager,https://outreachrecruitment.net/jobs/purchasing-manager,Purchasing Manager jobs in Malta,Target phrase missing: Purchasing Manager jobs in Malta
Quality Engineer,https://outreachrecruitment.net/jobs/quality-engineer,Quality Engineer jobs in Malta,Target phrase missing: Quality Engineer jobs in Malta
Marine Turner,https://outreachrecruitment.net/jobs/marine-turner,Marine Turner jobs in Malta,Target phrase missing: Marine Turner jobs in Malta
Marine Mechanical Foreman,https://outreachrecruitment.net/jobs/marine-mechanical-foreman,Marine Mechanical Foreman jobs in Malta,Target phrase missing: Marine Mechanical Foreman jobs in Malta
Plate Shop Foreman,https://outreachrecruitment.net/jobs/plate-shop-foreman,Plate Shop Foreman jobs in Malta,Target phrase missing: Plate Shop Foreman jobs in Malta
Administration Specialist,https://outreachrecruitment.net/jobs/administration-specialist,Administration Specialist jobs in Malta,Target phrase missing: Administration Specialist jobs in Malta
Client Accountant,https://outreachrecruitment.net/jobs/client-accountant-2,Client Accountant jobs in Malta,Target phrase missing: Client Accountant jobs in Malta
Application Developer (Drupal),https://outreachrecruitment.net/jobs/application-developer-drupal,Application Developer (Drupal) jobs in Malta,Meta title does not include exact job title
Application Developer (Drupal),https://outreachrecruitment.net/jobs/application-developer-drupal,Application Developer (Drupal) jobs in Malta,Meta description missing apply CTA
Application Developer (Drupal),https://outreachrecruitment.net/jobs/application-developer-drupal,Application Developer (Drupal) jobs in Malta,Target phrase missing: Application Developer (Drupal) jobs in Malta
"Fleet, Tools and Facility Manager",https://outreachrecruitment.net/jobs/fleet-tools-facility-manager,"Fleet, Tools and Facility Manager jobs in Malta","Target phrase missing: Fleet, Tools and Facility Manager jobs in Malta"
Customer Contact Agent,https://outreachrecruitment.net/jobs/customer-contact-agent,Customer Contact Agent jobs in Malta,Target phrase missing: Customer Contact Agent jobs in Malta
HR Administration Officer,https://outreachrecruitment.net/jobs/hr-administration-officer,HR Administration Officer jobs in Malta,Target phrase missing: HR Administration Officer jobs in Malta
Project Manager,https://outreachrecruitment.net/jobs/project-manager,Project Manager jobs in Malta,Target phrase missing: Project Manager jobs in Malta
Purchasing Officer,https://outreachrecruitment.net/jobs/purchasing-officer,Purchasing Officer jobs in Malta,Target phrase missing: Purchasing Officer jobs in Malta
Estimator,https://outreachrecruitment.net/jobs/estimator,Estimator jobs in Malta,Target phrase missing: Estimator jobs in Malta
HSSE Coordinator,https://outreachrecruitment.net/jobs/hsse-coordinator,HSSE Coordinator jobs in Malta,Target phrase missing: HSSE Coordinator jobs in Malta
Housekeeper,https://outreachrecruitment.net/jobs/housekeeper,Housekeeper jobs in Malta,Target phrase missing: Housekeeper jobs in Malta
Supervisor,https://outreachrecruitment.net/jobs/supervisor,Supervisor jobs in Malta,Target phrase missing: Supervisor jobs in Malta
Customer Operations Associate,https://outreachrecruitment.net/jobs/customer-operations-associate,Customer Operations Associate jobs in Malta,Target phrase missing: Customer Operations Associate jobs in Malta
Structural Engineer,https://outreachrecruitment.net/jobs/structural-engineer,Structural Engineer jobs in Malta,Target phrase missing: Structural Engineer jobs in Malta
Senior Quantity Estimator (M&E),https://outreachrecruitment.net/jobs/senior-quantity-estimator-me,Senior Quantity Estimator (M&E) jobs in Malta,Meta title does not include exact job title
Senior Quantity Estimator (M&E),https://outreachrecruitment.net/jobs/senior-quantity-estimator-me,Senior Quantity Estimator (M&E) jobs in Malta,Target phrase missing: Senior Quantity Estimator (M&E) jobs in Malta
Sales Representative in Renewables,https://outreachrecruitment.net/jobs/sales-representative-in-renewables,Sales Representative in Renewables jobs in Malta,Meta title does not include exact job title
Sales Representative in Renewables,https://outreachrecruitment.net/jobs/sales-representative-in-renewables,Sales Representative in Renewables jobs in Malta,Target phrase missing: Sales Representative in Renewables jobs in Malta
HVAC Project Manager,https://outreachrecruitment.net/jobs/hvac-project-manager,HVAC Project Manager jobs in Malta,Target phrase missing: HVAC Project Manager jobs in Malta
Maintenance Technician - Electrical Licence A or B),https://outreachrecruitment.net/jobs/maintenance-technician-electrical-licence-a-or-b,Maintenance Technician - Electrical Licence A or B) jobs in Malta,Target phrase missing: Maintenance Technician - Electrical Licence A or B) jobs in Malta
IT Support Executive,https://outreachrecruitment.net/jobs/it-support-executive,IT Support Executive jobs in Malta,Target phrase missing: IT Support Executive jobs in Malta
General Maintenance Technician,https://outreachrecruitment.net/jobs/general-maintenance-technician,General Maintenance Technician jobs in Malta,Meta title does not include exact job title
General Maintenance Technician,https://outreachrecruitment.net/jobs/general-maintenance-technician,General Maintenance Technician jobs in Malta,Meta description missing Malta
General Maintenance Technician,https://outreachrecruitment.net/jobs/general-maintenance-technician,General Maintenance Technician jobs in Malta,Target phrase missing: General Maintenance Technician jobs in Malta
Counter assistant,https://outreachrecruitment.net/jobs/counter-assistant,Counter assistant jobs in Malta,Target phrase missing: Counter assistant jobs in Malta
Kitchen Assistant,https://outreachrecruitment.net/jobs/kitchen-assistant,Kitchen Assistant jobs in Malta,Target phrase missing: Kitchen Assistant jobs in Malta
Housekeeping Attendant,https://outreachrecruitment.net/jobs/housekeeping-attendant,Housekeeping Attendant jobs in Malta,Meta description missing Malta
Accounts Payable,https://outreachrecruitment.net/jobs/accounts-payable,Accounts Payable jobs in Malta,Target phrase missing: Accounts Payable jobs in Malta
Tax Manager,https://outreachrecruitment.net/jobs/tax-manager,Tax Manager jobs in Malta,Target phrase missing: Tax Manager jobs in Malta
High Voltage Motor Vehicle Technician,https://outreachrecruitment.net/jobs/high-voltage-motor-vehicle-technician,High Voltage Motor Vehicle Technician jobs in Malta,Meta title does not include exact job title
High Voltage Motor Vehicle Technician,https://outreachrecruitment.net/jobs/high-voltage-motor-vehicle-technician,High Voltage Motor Vehicle Technician jobs in Malta,Target phrase missing: High Voltage Motor Vehicle Technician jobs in Malta
Audit Senior Associate,https://outreachrecruitment.net/jobs/audit-senior-associate,Audit Senior Associate jobs in Malta,Target phrase missing: Audit Senior Associate jobs in Malta
Customer Contact Centre Representative,https://outreachrecruitment.net/jobs/customer-contact-centre-representative,Customer Contact Centre Representative jobs in Malta,Target phrase missing: Customer Contact Centre Representative jobs in Malta
Associate Tax Advisor,https://outreachrecruitment.net/jobs/associate-tax-advisor,Associate Tax Advisor jobs in Malta,Target phrase missing: Associate Tax Advisor jobs in Malta
Sales Executive - Luxury Retail,https://outreachrecruitment.net/jobs/sales-executive-luxury-retail,Sales Executive - Luxury Retail jobs in Malta,Meta title does not include exact job title
Sales Executive - Luxury Retail,https://outreachrecruitment.net/jobs/sales-executive-luxury-retail,Sales Executive - Luxury Retail jobs in Malta,Target phrase missing: Sales Executive - Luxury Retail jobs in Malta
Bottling Operator,https://outreachrecruitment.net/jobs/bottling-operator,Bottling Operator jobs in Malta,Target phrase missing: Bottling Operator jobs in Malta
Motor Vehicle Mechanic/Technician,https://outreachrecruitment.net/jobs/motor-vehicle-mechanictechnician,Motor Vehicle Mechanic/Technician jobs in Malta,Meta title does not include exact job title
Motor Vehicle Mechanic/Technician,https://outreachrecruitment.net/jobs/motor-vehicle-mechanictechnician,Motor Vehicle Mechanic/Technician jobs in Malta,Target phrase missing: Motor Vehicle Mechanic/Technician jobs in Malta
Wood Painting & Finishing Specialist,https://outreachrecruitment.net/jobs/wood-painting-finishing-specialist,Wood Painting & Finishing Specialist jobs in Malta,Meta description does not include exact job title
Delivery Driver - Malta C License,https://outreachrecruitment.net/jobs/delivery-driver-malta-c-license,Delivery Driver - Malta C License jobs in Malta,Meta title does not include exact job title
Delivery Driver - Malta C License,https://outreachrecruitment.net/jobs/delivery-driver-malta-c-license,Delivery Driver - Malta C License jobs in Malta,Target phrase missing: Delivery Driver - Malta C License jobs in Malta
Delivery Drivers - C1 Malta License,https://outreachrecruitment.net/jobs/delivery-drivers-c1-malta-license,Delivery Drivers - C1 Malta License jobs in Malta,Meta title does not include exact job title
Delivery Drivers - C1 Malta License,https://outreachrecruitment.net/jobs/delivery-drivers-c1-malta-license,Delivery Drivers - C1 Malta License jobs in Malta,Target phrase missing: Delivery Drivers - C1 Malta License jobs in Malta
Room Attendents,https://outreachrecruitment.net/jobs/room-attendents,Room Attendents jobs in Malta,Target phrase missing: Room Attendents jobs in Malta
Finance Associate,https://outreachrecruitment.net/jobs/finance-associate,Finance Associate jobs in Malta,Meta description missing Malta
Skilled Carpenters,https://outreachrecruitment.net/jobs/skilled-carpenters,Skilled Carpenters jobs in Malta,Meta title does not include exact job title
Skilled Carpenters,https://outreachrecruitment.net/jobs/skilled-carpenters,Skilled Carpenters jobs in Malta,Meta description does not include exact job title
Skilled Carpenters,https://outreachrecruitment.net/jobs/skilled-carpenters,Skilled Carpenters jobs in Malta,Target phrase missing: Skilled Carpenters jobs in Malta
Delivery Person with Driving Licence C1,https://outreachrecruitment.net/jobs/delivery-person-with-driving-licence-c1,Delivery Person with Driving Licence C1 jobs in Malta,Meta title does not include exact job title
Delivery Person with Driving Licence C1,https://outreachrecruitment.net/jobs/delivery-person-with-driving-licence-c1,Delivery Person with Driving Licence C1 jobs in Malta,Target phrase missing: Delivery Person with Driving Licence C1 jobs in Malta
Commercial Insurance Associate,https://outreachrecruitment.net/jobs/commercial-insurance-associate,Commercial Insurance Associate jobs in Malta,Meta title does not include exact job title
Commercial Insurance Associate,https://outreachrecruitment.net/jobs/commercial-insurance-associate,Commercial Insurance Associate jobs in Malta,Target phrase missing: Commercial Insurance Associate jobs in Malta
Aluminum Install and Fabrication Foreman,https://outreachrecruitment.net/jobs/aluminum-install-and-fabrication-foreman,Aluminum Install and Fabrication Foreman jobs in Malta,Meta title does not include exact job title
Aluminum Install and Fabrication Foreman,https://outreachrecruitment.net/jobs/aluminum-install-and-fabrication-foreman,Aluminum Install and Fabrication Foreman jobs in Malta,Target phrase missing: Aluminum Install and Fabrication Foreman jobs in Malta
Audit Senior,https://outreachrecruitment.net/jobs/audit-senior,Audit Senior jobs in Malta,Target phrase missing: Audit Senior jobs in Malta
Product Owner - Hybrid,https://outreachrecruitment.net/jobs/product-owner-hybrid,Product Owner - Hybrid jobs in Malta,Meta description missing Malta
Sign Assembler & Installer,https://outreachrecruitment.net/jobs/sign-assembler-installer,Sign Assembler & Installer jobs in Malta,Meta description does not include exact job title
Hotel Porter,https://outreachrecruitment.net/jobs/hotel-porter,Hotel Porter jobs in Malta,Target phrase missing: Hotel Porter jobs in Malta
First Line Support - Hybrid,https://outreachrecruitment.net/jobs/first-line-support-hybrid,First Line Support - Hybrid jobs in Malta,Meta description missing Malta
Sales Executive,https://outreachrecruitment.net/jobs/sales-executive-2,Sales Executive jobs in Malta,Target phrase missing: Sales Executive jobs in Malta
Housekeeper,https://outreachrecruitment.net/jobs/housekeeper-2,Housekeeper jobs in Malta,Target phrase missing: Housekeeper jobs in Malta
Accounts Senior,https://outreachrecruitment.net/jobs/accounts-senior-2,Accounts Senior jobs in Malta,Target phrase missing: Accounts Senior jobs in Malta
