title,slug,url,category,score,priority,target_keyword,word_count,category_links,category_sources,schema_eligible,last_indexing_status,last_indexing_date,issues
Marine Turner,marine-turner,https://outreachrecruitment.net/jobs/marine-turner,Marine & Shipping,20,High,Marine Turner jobs in Malta,30,0,,False,200,2026-07-01T10:39:37,Missing meta description; Canonical does not match clean job URL; JobPosting schema needs fixes; Possible duplicate/cannibalization risk; Target phrase missing: Marine Turner jobs in Malta; Not linked from a category jobs page; Job content is very short (30 words); Missing responsibilities section; Missing requirements section; Missing offer/benefits section
Plate Shop Foreman,plate-shop-foreman,https://outreachrecruitment.net/jobs/plate-shop-foreman,Marine & Shipping,30,High,Plate Shop Foreman jobs in Malta,32,0,,False,200,2026-07-01T10:39:37,Missing meta description; Canonical does not match clean job URL; JobPosting schema needs fixes; Target phrase missing: Plate Shop Foreman jobs in Malta; Not linked from a category jobs page; Job content is very short (32 words); Missing responsibilities section; Missing requirements section; Missing offer/benefits section; Missing strong apply CTA
Quality Engineer,quality-engineer,https://outreachrecruitment.net/jobs/quality-engineer,Engineering & Maintenance,30,High,Quality Engineer jobs in Malta,31,0,,False,200,2026-07-01T10:39:37,Missing meta description; Canonical does not match clean job URL; JobPosting schema needs fixes; Target phrase missing: Quality Engineer jobs in Malta; Not linked from a category jobs page; Job content is very short (31 words); Missing responsibilities section; Missing requirements section; Missing offer/benefits section; Missing strong apply CTA
Marine Carpenter,marine-carpenter,https://outreachrecruitment.net/jobs/marine-carpenter,Marine & Shipping,36,High,Marine Carpenter jobs in Malta,29,0,,False,200,2026-08-14T10:27:34,JobPosting schema needs fixes; Possible duplicate/cannibalization risk; Target phrase missing: Marine Carpenter jobs in Malta; Not linked from a category jobs page; Job content is very short (29 words); Missing responsibilities section; Missing requirements section; Missing offer/benefits section; Missing strong apply CTA; Salary/baseSalary missing or not specific
Purchasing Manager,purchasing-manager,https://outreachrecruitment.net/jobs/purchasing-manager,Administration,36,High,Purchasing Manager jobs in Malta,29,0,,False,200,2026-08-14T10:27:34,JobPosting schema needs fixes; Possible duplicate/cannibalization risk; Target phrase missing: Purchasing Manager jobs in Malta; Not linked from a category jobs page; Job content is very short (29 words); Missing responsibilities section; Missing requirements section; Missing offer/benefits section; Missing strong apply CTA; Salary/baseSalary missing or not specific
Tank Cleaner,tank-cleaner,https://outreachrecruitment.net/jobs/tank-cleaner,Marine & Shipping,36,High,Tank Cleaner jobs in Malta,29,0,,False,200,2026-08-14T10:27:34,JobPosting schema needs fixes; Possible duplicate/cannibalization risk; Target phrase missing: Tank Cleaner jobs in Malta; Not linked from a category jobs page; Job content is very short (29 words); Missing responsibilities section; Missing requirements section; Missing offer/benefits section; Missing strong apply CTA; Salary/baseSalary missing or not specific
Commercial Divers,commercial-divers,https://outreachrecruitment.net/jobs/commercial-divers,Marine & Shipping,46,High,Commercial Divers jobs in Malta,29,0,,False,200,2026-08-14T10:27:34,JobPosting schema needs fixes; Target phrase missing: Commercial Divers jobs in Malta; Not linked from a category jobs page; Job content is very short (29 words); Missing responsibilities section; Missing requirements section; Missing offer/benefits section; Missing strong apply CTA; Salary/baseSalary missing or not specific
Electronic Technician,electronic-technician,https://outreachrecruitment.net/jobs/electronic-technician,Engineering & Maintenance,46,High,Electronic Technician jobs in Malta,29,0,,False,200,2026-08-14T10:27:34,JobPosting schema needs fixes; Target phrase missing: Electronic Technician jobs in Malta; Not linked from a category jobs page; Job content is very short (29 words); Missing responsibilities section; Missing requirements section; Missing offer/benefits section; Missing strong apply CTA; Salary/baseSalary missing or not specific
HVAC Technician,hvac-technician,https://outreachrecruitment.net/jobs/hvac-technician,Engineering & Maintenance,46,High,HVAC Technician jobs in Malta,29,1,engineering-jobs-in-malta.html,False,Not recorded,,JobPosting schema needs fixes; Possible duplicate/cannibalization risk; Target phrase missing: HVAC Technician jobs in Malta; Job content is very short (29 words); Missing responsibilities section; Missing requirements section; Missing offer/benefits section; Missing strong apply CTA; Salary/baseSalary missing or not specific
Head of HVAC Technicians,head-of-hvac-technicians,https://outreachrecruitment.net/jobs/head-of-hvac-technicians,Engineering & Maintenance,46,High,Head of HVAC Technicians jobs in Malta,33,1,engineering-jobs-in-malta.html,False,200,2026-08-14T10:27:34,JobPosting schema needs fixes; Possible duplicate/cannibalization risk; Target phrase missing: Head of HVAC Technicians jobs in Malta; Job content is very short (33 words); Missing responsibilities section; Missing requirements section; Missing offer/benefits section; Missing strong apply CTA; Salary/baseSalary missing or not specific
Marine Mechanical Foreman,marine-mechanical-foreman,https://outreachrecruitment.net/jobs/marine-mechanical-foreman,Marine & Shipping,46,High,Marine Mechanical Foreman jobs in Malta,31,1,engineering-jobs-in-malta.html,False,200,2026-07-01T10:39:37,JobPosting schema needs fixes; Possible duplicate/cannibalization risk; Target phrase missing: Marine Mechanical Foreman jobs in Malta; Job content is very short (31 words); Missing responsibilities section; Missing requirements section; Missing offer/benefits section; Missing strong apply CTA; Salary/baseSalary missing or not specific
Shipyard Sprayer / Painter,shipyard-sprayer-painter,https://outreachrecruitment.net/jobs/shipyard-sprayer-painter,Marine & Shipping,46,High,Shipyard Sprayer / Painter jobs in Malta,31,0,,False,200,2026-08-14T10:27:34,JobPosting schema needs fixes; Target phrase missing: Shipyard Sprayer / Painter jobs in Malta; Not linked from a category jobs page; Job content is very short (31 words); Missing responsibilities section; Missing requirements section; Missing offer/benefits section; Missing strong apply CTA; Salary/baseSalary missing or not specific
Trailer Drivers,trailer-drivers,https://outreachrecruitment.net/jobs/trailer-drivers,Logistics,46,High,Trailer Drivers jobs in Malta,29,0,,False,200,2026-08-14T10:27:34,JobPosting schema needs fixes; Target phrase missing: Trailer Drivers jobs in Malta; Not linked from a category jobs page; Job content is very short (29 words); Missing responsibilities section; Missing requirements section; Missing offer/benefits section; Missing strong apply CTA; Salary/baseSalary missing or not specific
Welder / Burner / Pipe Fitter,welder-burner-pipe-fitter,https://outreachrecruitment.net/jobs/welder-burner-pipe-fitter,Marine & Shipping,46,High,Welder / Burner / Pipe Fitter jobs in Malta,33,0,,False,200,2026-08-14T10:27:34,JobPosting schema needs fixes; Target phrase missing: Welder / Burner / Pipe Fitter jobs in Malta; Not linked from a category jobs page; Job content is very short (33 words); Missing responsibilities section; Missing requirements section; Missing offer/benefits section; Missing strong apply CTA; Salary/baseSalary missing or not specific
Administration Specialist,administration-specialist,https://outreachrecruitment.net/jobs/administration-specialist,Administration,56,High,Administration Specialist jobs in Malta,29,3,"customer-service-jobs-in-malta.html, finance-jobs-in-malta.html, insurance-jobs-in-malta.html",False,200,2026-07-01T10:39:37,JobPosting schema needs fixes; Target phrase missing: Administration Specialist jobs in Malta; Job content is very short (29 words); Missing responsibilities section; Missing requirements section; Missing offer/benefits section; Missing strong apply CTA; Salary/baseSalary missing or not specific
Delivery Man,delivery-man,https://outreachrecruitment.net/jobs/delivery-man,Engineering & Maintenance,56,High,Delivery Man jobs in Malta,30,1,engineering-jobs-in-malta.html,False,200,2026-08-14T10:27:34,JobPosting schema needs fixes; Target phrase missing: Delivery Man jobs in Malta; Job content is very short (30 words); Missing responsibilities section; Missing requirements section; Missing offer/benefits section; Missing strong apply CTA; Salary/baseSalary missing or not specific
Night Cleaner,night-cleaner,https://outreachrecruitment.net/jobs/night-cleaner,Hospitality,65,High,Night Cleaner jobs in Malta,5056,0,,True,Not recorded,,Possible duplicate/cannibalization risk; Meta description missing Malta; Target phrase missing: Night Cleaner jobs in Malta; Not linked from a category jobs page; Missing offer/benefits section; Salary/baseSalary missing or not specific
Delivery Driver - Malta C License,delivery-driver-malta-c-license,https://outreachrecruitment.net/jobs/delivery-driver-malta-c-license,Logistics,67,High,Delivery Driver - Malta C License jobs in Malta,4575,0,,True,200,2026-08-13T08:33:05,Possible duplicate/cannibalization risk; Meta title does not include exact job title; Target phrase missing: Delivery Driver - Malta C License jobs in Malta; Not linked from a category jobs page; Salary/baseSalary missing or not specific
Delivery Drivers - C1 Malta License,delivery-drivers-c1-malta-license,https://outreachrecruitment.net/jobs/delivery-drivers-c1-malta-license,Logistics,67,High,Delivery Drivers - C1 Malta License jobs in Malta,4566,0,,True,200,2026-08-13T08:33:05,Possible duplicate/cannibalization risk; Meta title does not include exact job title; Target phrase missing: Delivery Drivers - C1 Malta License jobs in Malta; Not linked from a category jobs page; Salary/baseSalary missing or not specific
Auto Electrician (Heavy Vehicles),auto-electrician-heavy-vehicles,https://outreachrecruitment.net/jobs/auto-electrician-heavy-vehicles,Engineering & Maintenance,73,Medium,Auto Electrician (Heavy Vehicles) jobs in Malta,4862,0,,True,Not recorded,,Meta title does not include exact job title; Meta description does not include exact job title; Target phrase missing: Auto Electrician (Heavy Vehicles) jobs in Malta; Not linked from a category jobs page; Salary/baseSalary missing or not specific
Customer Care Agent,customer-care-agent,https://outreachrecruitment.net/jobs/customer-care-agent,Transport,73,Medium,Customer Care Agent jobs in Malta,4734,0,,True,200,2026-08-13T08:33:05,Possible duplicate/cannibalization risk; Target phrase missing: Customer Care Agent jobs in Malta; Not linked from a category jobs page; Salary/baseSalary missing or not specific
Fleet Mechanical Superintendent,fleet-mechanical-superintendent,https://outreachrecruitment.net/jobs/fleet-mechanical-superintendent,Marine,73,Medium,Fleet Mechanical Superintendent jobs in Malta,4815,0,,True,200,2026-08-14T10:27:34,Meta title does not include exact job title; Target phrase missing: Fleet Mechanical Superintendent jobs in Malta; Not linked from a category jobs page; Missing offer/benefits section; Salary/baseSalary missing or not specific
HVAC Project Manager,hvac-project-manager,https://outreachrecruitment.net/jobs/hvac-project-manager,Engineering & Maintenance,73,Medium,HVAC Project Manager jobs in Malta,5056,0,,True,200,2026-07-25T07:34:04,Possible duplicate/cannibalization risk; Target phrase missing: HVAC Project Manager jobs in Malta; Not linked from a category jobs page; Salary/baseSalary missing or not specific
Purchasing Officer,purchasing-officer,https://outreachrecruitment.net/jobs/purchasing-officer,Administration,73,Medium,Purchasing Officer jobs in Malta,4727,0,,True,200,2026-08-13T08:33:05,Possible duplicate/cannibalization risk; Target phrase missing: Purchasing Officer jobs in Malta; Not linked from a category jobs page; Salary/baseSalary missing or not specific
Italian Restaurant – Multiple Hospitality Positions,italian-restaurant-hospitality-positions-dubai,https://outreachrecruitment.net/jobs/italian-restaurant-hospitality-positions-dubai,Hospitality,75,Medium,Italian Restaurant – Multiple Hospitality Positions jobs in Malta,5130,1,hospitality-jobs-in-malta.html,True,Not recorded,,Meta title does not include exact job title; Meta title missing Malta; Meta description does not include exact job title; Meta description missing Malta; Target phrase missing: Italian Restaurant – Multiple Hospitality Positions jobs in Malta
Marine Mechanical Engineer,marine-mechanical-engineer,https://outreachrecruitment.net/jobs/marine-mechanical-engineer,Marine & Shipping,75,Medium,Marine Mechanical Engineer jobs in Malta,5553,0,,True,Not recorded,,Possible duplicate/cannibalization risk; Target phrase missing: Marine Mechanical Engineer jobs in Malta; Not linked from a category jobs page
Commercial Insurance Associate,commercial-insurance-associate,https://outreachrecruitment.net/jobs/commercial-insurance-associate,General,77,Medium,Commercial Insurance Associate jobs in Malta,4945,1,insurance-jobs-in-malta.html,True,200,2026-08-13T08:33:05,Possible duplicate/cannibalization risk; Meta title does not include exact job title; Target phrase missing: Commercial Insurance Associate jobs in Malta; Salary/baseSalary missing or not specific
Delivery Person with Driving Licence C1,delivery-person-with-driving-licence-c1,https://outreachrecruitment.net/jobs/delivery-person-with-driving-licence-c1,Logistics,77,Medium,Delivery Person with Driving Licence C1 jobs in Malta,4648,0,,True,200,2026-08-13T08:33:05,Meta title does not include exact job title; Target phrase missing: Delivery Person with Driving Licence C1 jobs in Malta; Not linked from a category jobs page; Salary/baseSalary missing or not specific
Front Office Agent,front-office-agent,https://outreachrecruitment.net/jobs/front-office-agent,Hospitality,77,Medium,Front Office Agent jobs in Malta,4971,2,"engineering-jobs-in-malta.html, hospitality-jobs-in-malta.html",True,Not recorded,,Possible duplicate/cannibalization risk; Meta description missing Malta; Target phrase missing: Front Office Agent jobs in Malta; Missing offer/benefits section
Head of Spa,head-of-spa-2,https://outreachrecruitment.net/jobs/head-of-spa-2,Wellness,77,Medium,Head of Spa jobs in Malta,5169,0,,True,Not recorded,,Meta description missing Malta; Target phrase missing: Head of Spa jobs in Malta; Not linked from a category jobs page; Missing offer/benefits section
Senior Quantity Estimator (M&E),senior-quantity-estimator-me,https://outreachrecruitment.net/jobs/senior-quantity-estimator-me,General,77,Medium,Senior Quantity Estimator (M&E) jobs in Malta,5066,0,,True,200,2026-08-13T08:33:05,Meta title does not include exact job title; Target phrase missing: Senior Quantity Estimator (M&E) jobs in Malta; Not linked from a category jobs page; Salary/baseSalary missing or not specific
Banqueting F&B Supervisor,banqueting-fb-supervisor,https://outreachrecruitment.net/jobs/banqueting-fb-supervisor,Hospitality,79,Medium,Banqueting F&B Supervisor jobs in Malta,4916,0,,True,Not recorded,,Target phrase missing: Banqueting F&B Supervisor jobs in Malta; Not linked from a category jobs page; Missing offer/benefits section; Salary/baseSalary missing or not specific
Kitchen Helper,kitchen-helper,https://outreachrecruitment.net/jobs/kitchen-helper,Hospitality,79,Medium,Kitchen Helper jobs in Malta,4857,0,,True,200,2026-08-13T08:33:05,Meta description missing Malta; Target phrase missing: Kitchen Helper jobs in Malta; Not linked from a category jobs page; Salary/baseSalary missing or not specific
Learning & Development Executive - Hybrid,learning-development-executive-hybrid,https://outreachrecruitment.net/jobs/learning-development-executive-hybrid,HR & Recruitment,79,Medium,Learning & Development Executive - Hybrid jobs in Malta,4564,0,,True,Not recorded,,Meta description missing Malta; Target phrase missing: Learning & Development Executive - Hybrid jobs in Malta; Not linked from a category jobs page; Salary/baseSalary missing or not specific
Payment Clearing Specialist,payment-clearing-specialist,https://outreachrecruitment.net/jobs/payment-clearing-specialist,Finance & Accounting,79,Medium,Payment Clearing Specialist jobs in Malta,5042,0,,True,Not recorded,,Meta description missing Malta; Target phrase missing: Payment Clearing Specialist jobs in Malta; Not linked from a category jobs page; Salary/baseSalary missing or not specific
Public Area Cleaner,public-area-cleaner,https://outreachrecruitment.net/jobs/public-area-cleaner,Hospitality,79,Medium,Public Area Cleaner jobs in Malta,4697,0,,True,Not recorded,,Target phrase missing: Public Area Cleaner jobs in Malta; Not linked from a category jobs page; Missing offer/benefits section; Salary/baseSalary missing or not specific
Senior Waiter / Sommelier,senior-waiter-sommelier,https://outreachrecruitment.net/jobs/senior-waiter-sommelier,Hospitality,79,Medium,Senior Waiter / Sommelier jobs in Malta,4728,1,hospitality-jobs-in-malta.html,True,Not recorded,,Meta title does not include exact job title; Meta description missing Malta; Target phrase missing: Senior Waiter / Sommelier jobs in Malta; Missing offer/benefits section; Salary/baseSalary missing or not specific
Ship Chandler,ship-chandler,https://outreachrecruitment.net/jobs/ship-chandler,Marine,79,Medium,Ship Chandler jobs in Malta,4754,0,,True,200,2026-08-14T10:27:34,Target phrase missing: Ship Chandler jobs in Malta; Not linked from a category jobs page; Missing offer/benefits section; Salary/baseSalary missing or not specific
Application Developer (Drupal),application-developer-drupal,https://outreachrecruitment.net/jobs/application-developer-drupal,IT,80,Medium,Application Developer (Drupal) jobs in Malta,2180,1,it-jobs-in-malta.html,True,200,2026-09-07T08:07:17,Meta title does not include exact job title; Meta description missing apply CTA; Target phrase missing: Application Developer (Drupal) jobs in Malta; Missing offer/benefits section; Salary/baseSalary missing or not specific
Accounts Senior,accounts-senior-2,https://outreachrecruitment.net/jobs/accounts-senior-2,Finance & Accounting,83,Medium,Accounts Senior jobs in Malta,5078,1,finance-jobs-in-malta.html,True,200,2026-08-13T08:33:05,Possible duplicate/cannibalization risk; Target phrase missing: Accounts Senior jobs in Malta; Salary/baseSalary missing or not specific
Audit Senior,audit-senior,https://outreachrecruitment.net/jobs/audit-senior,IT & Technology,83,Medium,Audit Senior jobs in Malta,4652,2,"finance-jobs-in-malta.html, it-jobs-in-malta.html",True,200,2026-08-13T08:33:05,Possible duplicate/cannibalization risk; Target phrase missing: Audit Senior jobs in Malta; Salary/baseSalary missing or not specific
Customer Contact Agent,customer-contact-agent,https://outreachrecruitment.net/jobs/customer-contact-agent,Insurance,83,Medium,Customer Contact Agent jobs in Malta,4988,2,"customer-service-jobs-in-malta.html, insurance-jobs-in-malta.html",True,Not recorded,,Possible duplicate/cannibalization risk; Target phrase missing: Customer Contact Agent jobs in Malta; Salary/baseSalary missing or not specific
Customer Operations Associate,customer-operations-associate,https://outreachrecruitment.net/jobs/customer-operations-associate,General,83,Medium,Customer Operations Associate jobs in Malta,4779,1,insurance-jobs-in-malta.html,True,200,2026-08-13T08:33:05,Possible duplicate/cannibalization risk; Target phrase missing: Customer Operations Associate jobs in Malta; Salary/baseSalary missing or not specific
Estimator,estimator,https://outreachrecruitment.net/jobs/estimator,General,83,Medium,Estimator jobs in Malta,4946,0,,True,200,2026-08-13T08:33:05,Target phrase missing: Estimator jobs in Malta; Not linked from a category jobs page; Salary/baseSalary missing or not specific
"Fleet, Tools and Facility Manager",fleet-tools-facility-manager,https://outreachrecruitment.net/jobs/fleet-tools-facility-manager,Marine & Shipping,83,Medium,"Fleet, Tools and Facility Manager jobs in Malta",4910,0,,True,200,2026-08-14T10:27:34,"Target phrase missing: Fleet, Tools and Facility Manager jobs in Malta; Not linked from a category jobs page; Salary/baseSalary missing or not specific"
General Maintenance Technician,general-maintenance-technician,https://outreachrecruitment.net/jobs/general-maintenance-technician,Engineering & Maintenance,83,Medium,General Maintenance Technician jobs in Malta,5012,1,hospitality-jobs-in-malta.html,True,200,2026-07-24T09:29:46,Meta title does not include exact job title; Meta description missing Malta; Target phrase missing: General Maintenance Technician jobs in Malta; Salary/baseSalary missing or not specific
HR Administration Officer,hr-administration-officer,https://outreachrecruitment.net/jobs/hr-administration-officer,HR & Recruitment,83,Medium,HR Administration Officer jobs in Malta,4801,0,,True,200,2026-08-13T08:33:05,Target phrase missing: HR Administration Officer jobs in Malta; Not linked from a category jobs page; Salary/baseSalary missing or not specific
HSSE Coordinator,hsse-coordinator,https://outreachrecruitment.net/jobs/hsse-coordinator,Administration,83,Medium,HSSE Coordinator jobs in Malta,5104,1,engineering-jobs-in-malta.html,True,Not recorded,,Possible duplicate/cannibalization risk; Target phrase missing: HSSE Coordinator jobs in Malta; Salary/baseSalary missing or not specific
Housekeeper,housekeeper,https://outreachrecruitment.net/jobs/housekeeper,General,83,Medium,Housekeeper jobs in Malta,4439,2,"hospitality-jobs-in-malta.html, subcontracting-jobs-in-malta.html",True,Not recorded,,Possible duplicate/cannibalization risk; Target phrase missing: Housekeeper jobs in Malta; Salary/baseSalary missing or not specific
Housekeeper,housekeeper-2,https://outreachrecruitment.net/jobs/housekeeper-2,General,83,Medium,Housekeeper jobs in Malta,4434,2,"hospitality-jobs-in-malta.html, subcontracting-jobs-in-malta.html",True,200,2026-08-13T08:33:05,Possible duplicate/cannibalization risk; Target phrase missing: Housekeeper jobs in Malta; Salary/baseSalary missing or not specific
Maintenance Technician - Electrical Licence A or B),maintenance-technician-electrical-licence-a-or-b,https://outreachrecruitment.net/jobs/maintenance-technician-electrical-licence-a-or-b,Engineering & Maintenance,83,Medium,Maintenance Technician - Electrical Licence A or B) jobs in Malta,4785,0,,True,200,2026-08-13T08:33:05,Target phrase missing: Maintenance Technician - Electrical Licence A or B) jobs in Malta; Not linked from a category jobs page; Salary/baseSalary missing or not specific
Mini Bus Driver – Licence D,mini-bus-driver-licence-d,https://outreachrecruitment.net/jobs/mini-bus-driver-licence-d,Logistics,83,Medium,Mini Bus Driver – Licence D jobs in Malta,4981,1,manufacturing-jobs-in-malta.html,True,Not recorded,,Meta title does not include exact job title; Meta description does not include exact job title; Target phrase missing: Mini Bus Driver – Licence D jobs in Malta; Salary/baseSalary missing or not specific
Operations Supervisor,operations-supervisor,https://outreachrecruitment.net/jobs/operations-supervisor,Finance & Accounting,83,Medium,Operations Supervisor jobs in Malta,5118,0,,True,Not recorded,,Target phrase missing: Operations Supervisor jobs in Malta; Not linked from a category jobs page; Salary/baseSalary missing or not specific
Project Manager,project-manager,https://outreachrecruitment.net/jobs/project-manager,Management,83,Medium,Project Manager jobs in Malta,4786,2,"finance-jobs-in-malta.html, opening-jobs-in-malta.html",True,Not recorded,,Possible duplicate/cannibalization risk; Target phrase missing: Project Manager jobs in Malta; Salary/baseSalary missing or not specific
Structural Engineer,structural-engineer,https://outreachrecruitment.net/jobs/structural-engineer,Engineering & Maintenance,83,Medium,Structural Engineer jobs in Malta,4637,0,,True,Not recorded,,Target phrase missing: Structural Engineer jobs in Malta; Not linked from a category jobs page; Salary/baseSalary missing or not specific
First Line Support - Hybrid,first-line-support-hybrid,https://outreachrecruitment.net/jobs/first-line-support-hybrid,General,84,Medium,First Line Support - Hybrid jobs in Malta,5000,0,,True,200,2026-08-13T08:33:05,Meta description missing Malta; Not linked from a category jobs page; Salary/baseSalary missing or not specific
Product Owner - Hybrid,product-owner-hybrid,https://outreachrecruitment.net/jobs/product-owner-hybrid,General,84,Medium,Product Owner - Hybrid jobs in Malta,4786,0,,True,200,2026-08-13T08:33:05,Meta description missing Malta; Not linked from a category jobs page; Salary/baseSalary missing or not specific
Sign Assembler & Installer,sign-assembler-installer,https://outreachrecruitment.net/jobs/sign-assembler-installer,General,84,Medium,Sign Assembler & Installer jobs in Malta,4439,0,,True,200,2026-08-13T08:33:05,Meta description does not include exact job title; Not linked from a category jobs page; Salary/baseSalary missing or not specific
Front Office Executive,front-office-executive,https://outreachrecruitment.net/jobs/front-office-executive,Hospitality,85,Low,Front Office Executive jobs in Malta,5384,1,hospitality-jobs-in-malta.html,True,Not recorded,,Possible duplicate/cannibalization risk; Target phrase missing: Front Office Executive jobs in Malta
Gypsum Installers,gypsum-installers,https://outreachrecruitment.net/jobs/gypsum-installers,Construction,85,Low,Gypsum Installers jobs in Malta,5068,1,construction-jobs-in-malta.html,True,Not recorded,,Meta title does not include exact job title; Meta description does not include exact job title; Target phrase missing: Gypsum Installers jobs in Malta
Junior Administrative Executive,junior-administrative-executive,https://outreachrecruitment.net/jobs/junior-administrative-executive,Administration,85,Low,Junior Administrative Executive jobs in Malta,5276,0,,True,Not recorded,,Target phrase missing: Junior Administrative Executive jobs in Malta; Not linked from a category jobs page
Procurement Officer,procurement-officer,https://outreachrecruitment.net/jobs/procurement-officer,Logistics,85,Low,Procurement Officer jobs in Malta,5092,0,,True,Not recorded,,Target phrase missing: Procurement Officer jobs in Malta; Not linked from a category jobs page
Restaurant Manager - Italian Speaking,restaurant-manager-italian-speaking,https://outreachrecruitment.net/jobs/restaurant-manager-italian-speaking,Hospitality,85,Low,Restaurant Manager - Italian Speaking jobs in Malta,5476,1,hospitality-jobs-in-malta.html,True,Not recorded,,Meta title does not include exact job title; Meta description does not include exact job title; Target phrase missing: Restaurant Manager - Italian Speaking jobs in Malta
Skilled Carpenters,skilled-carpenters,https://outreachrecruitment.net/jobs/skilled-carpenters,Construction,85,Low,Skilled Carpenters jobs in Malta,5243,2,"construction-jobs-in-malta.html, manufacturing-jobs-in-malta.html",True,200,2026-08-13T08:33:05,Meta title does not include exact job title; Meta description does not include exact job title; Target phrase missing: Skilled Carpenters jobs in Malta
Storekeeper,storekeeper-zebbug,https://outreachrecruitment.net/jobs/storekeeper-zebbug,Logistics,85,Low,Storekeeper jobs in Malta,4999,1,manufacturing-jobs-in-malta.html,True,Not recorded,,Possible duplicate/cannibalization risk; Target phrase missing: Storekeeper jobs in Malta
Aluminum Install and Fabrication Foreman,aluminum-install-and-fabrication-foreman,https://outreachrecruitment.net/jobs/aluminum-install-and-fabrication-foreman,Engineering & Maintenance,87,Low,Aluminum Install and Fabrication Foreman jobs in Malta,4644,2,"construction-jobs-in-malta.html, manufacturing-jobs-in-malta.html",True,200,2026-08-13T08:33:05,Meta title does not include exact job title; Target phrase missing: Aluminum Install and Fabrication Foreman jobs in Malta; Salary/baseSalary missing or not specific
Beauty Specialist / Nail Technician,beauty-specialist-nail-technician,https://outreachrecruitment.net/jobs/beauty-specialist-nail-technician,Wellness,87,Low,Beauty Specialist / Nail Technician jobs in Malta,4931,1,hospitality-jobs-in-malta.html,True,Not recorded,,Meta title does not include exact job title; Target phrase missing: Beauty Specialist / Nail Technician jobs in Malta; Salary/baseSalary missing or not specific
High Voltage Motor Vehicle Technician,high-voltage-motor-vehicle-technician,https://outreachrecruitment.net/jobs/high-voltage-motor-vehicle-technician,Engineering & Maintenance,87,Low,High Voltage Motor Vehicle Technician jobs in Malta,4912,1,engineering-jobs-in-malta.html,True,200,2026-08-13T08:33:05,Meta title does not include exact job title; Target phrase missing: High Voltage Motor Vehicle Technician jobs in Malta; Salary/baseSalary missing or not specific
Motor Vehicle Mechanic/Technician,motor-vehicle-mechanictechnician,https://outreachrecruitment.net/jobs/motor-vehicle-mechanictechnician,Engineering & Maintenance,87,Low,Motor Vehicle Mechanic/Technician jobs in Malta,4991,1,engineering-jobs-in-malta.html,True,200,2026-08-13T08:33:05,Meta title does not include exact job title; Target phrase missing: Motor Vehicle Mechanic/Technician jobs in Malta; Salary/baseSalary missing or not specific
Proposal Engineer – Energy Solutions,proposal-engineer-energy-solutions,https://outreachrecruitment.net/jobs/proposal-engineer-energy-solutions,Engineering & Maintenance,87,Low,Proposal Engineer – Energy Solutions jobs in Malta,5345,1,engineering-jobs-in-malta.html,True,Not recorded,,Meta title does not include exact job title; Target phrase missing: Proposal Engineer – Energy Solutions jobs in Malta; Salary/baseSalary missing or not specific
Sales Executive - Luxury Retail,sales-executive-luxury-retail,https://outreachrecruitment.net/jobs/sales-executive-luxury-retail,Sales,87,Low,Sales Executive - Luxury Retail jobs in Malta,4839,1,sales-jobs-in-malta.html,True,200,2026-08-13T08:33:05,Meta title does not include exact job title; Target phrase missing: Sales Executive - Luxury Retail jobs in Malta; Salary/baseSalary missing or not specific
Sales Representative in Renewables,sales-representative-in-renewables,https://outreachrecruitment.net/jobs/sales-representative-in-renewables,Sales,87,Low,Sales Representative in Renewables jobs in Malta,5031,1,sales-jobs-in-malta.html,True,200,2026-08-13T08:33:05,Meta title does not include exact job title; Target phrase missing: Sales Representative in Renewables jobs in Malta; Salary/baseSalary missing or not specific
Auditor,auditor,https://outreachrecruitment.net/jobs/auditor,Finance & Accounting,88,Low,Auditor jobs in Malta,4554,2,"finance-jobs-in-malta.html, insurance-jobs-in-malta.html",True,200,2026-08-13T08:33:05,Possible duplicate/cannibalization risk; Salary/baseSalary missing or not specific
Automotive Parts Personnel,automotive-parts-personnel,https://outreachrecruitment.net/jobs/automotive-parts-personnel,General,88,Low,Automotive Parts Personnel jobs in Malta,4684,0,,True,200,2026-08-13T08:33:05,Not linked from a category jobs page; Salary/baseSalary missing or not specific
Automotive Service Advisor,automotive-service-advisor,https://outreachrecruitment.net/jobs/automotive-service-advisor,General,88,Low,Automotive Service Advisor jobs in Malta,4550,0,,True,200,2026-08-13T08:33:05,Not linked from a category jobs page; Salary/baseSalary missing or not specific
Boat Maintenance,boat-maintenance,https://outreachrecruitment.net/jobs/boat-maintenance,Engineering & Maintenance,88,Low,Boat Maintenance jobs in Malta,4588,0,,True,Not recorded,,Not linked from a category jobs page; Salary/baseSalary missing or not specific
CNC Machine Operator,cnc-machine-operator,https://outreachrecruitment.net/jobs/cnc-machine-operator,General,88,Low,CNC Machine Operator jobs in Malta,4730,1,subcontracting-jobs-in-malta.html,True,200,2026-08-13T08:33:05,Possible duplicate/cannibalization risk; Salary/baseSalary missing or not specific
Corporate Insurance Associate,corporate-insurance-associate,https://outreachrecruitment.net/jobs/corporate-insurance-associate,General,88,Low,Corporate Insurance Associate jobs in Malta,4555,1,insurance-jobs-in-malta.html,True,Not recorded,,Possible duplicate/cannibalization risk; Salary/baseSalary missing or not specific
Customer Care Associate,customer-care-associate,https://outreachrecruitment.net/jobs/customer-care-associate,Healthcare,88,Low,Customer Care Associate jobs in Malta,4741,1,engineering-jobs-in-malta.html,True,Not recorded,,Possible duplicate/cannibalization risk; Salary/baseSalary missing or not specific
Draughtsperson,draughtsperson,https://outreachrecruitment.net/jobs/draughtsperson,General,88,Low,Draughtsperson jobs in Malta,4434,0,,True,200,2026-08-13T08:33:05,Not linked from a category jobs page; Salary/baseSalary missing or not specific
HVAC Sales Representative,hvac-sales-representative,https://outreachrecruitment.net/jobs/hvac-sales-representative,Engineering & Maintenance,88,Low,HVAC Sales Representative jobs in Malta,5043,0,,True,200,2026-08-13T08:33:05,Not linked from a category jobs page; Salary/baseSalary missing or not specific
Heavy Machine Operator,heavy-machine-operator,https://outreachrecruitment.net/jobs/heavy-machine-operator,Construction,88,Low,Heavy Machine Operator jobs in Malta,4823,2,"construction-jobs-in-malta.html, subcontracting-jobs-in-malta.html",True,Not recorded,,Possible duplicate/cannibalization risk; Salary/baseSalary missing or not specific
QHSE Manager,qhse-manager-malta,https://outreachrecruitment.net/jobs/qhse-manager-malta,Marine & Shipping,88,Low,QHSE Manager jobs in Malta,4923,0,,True,200,2026-08-14T10:27:34,Not linked from a category jobs page; Salary/baseSalary missing or not specific
Sales Office Coordinator,sales-office-coordinator,https://outreachrecruitment.net/jobs/sales-office-coordinator,Sales,88,Low,Sales Office Coordinator jobs in Malta,5031,2,"hospitality-jobs-in-malta.html, sales-jobs-in-malta.html",True,200,2026-08-13T08:33:05,Possible duplicate/cannibalization risk; Salary/baseSalary missing or not specific
Volvo Penta Mechanic,volvo-penta-mechanic,https://outreachrecruitment.net/jobs/volvo-penta-mechanic,Engineering & Maintenance,88,Low,Volvo Penta Mechanic jobs in Malta,4636,0,,True,200,2026-08-13T08:33:05,Not linked from a category jobs page; Salary/baseSalary missing or not specific
Driver License B,driver-license-b,https://outreachrecruitment.net/jobs/driver-license-b,Logistics,89,Low,Driver License B jobs in Malta,4861,1,manufacturing-jobs-in-malta.html,True,200,2026-08-12T08:52:35,Target phrase missing: Driver License B jobs in Malta; Missing offer/benefits section; Salary/baseSalary missing or not specific
Head Chef in Gozo,head-chef-in-gozo,https://outreachrecruitment.net/jobs/head-chef-in-gozo,Hospitality,89,Low,Head Chef in Gozo jobs in Malta,5600,1,hospitality-jobs-in-malta.html,True,Not recorded,,Meta title does not include exact job title; Target phrase missing: Head Chef in Gozo jobs in Malta
Junior Revenue & Accounts Analyst,junior-revenue-accounts-analyst,https://outreachrecruitment.net/jobs/junior-revenue-accounts-analyst,Finance & Accounting,89,Low,Junior Revenue & Accounts Analyst jobs in Malta,4689,1,finance-jobs-in-malta.html,True,Not recorded,,Meta description does not include exact job title; Target phrase missing: Junior Revenue & Accounts Analyst jobs in Malta; Salary/baseSalary missing or not specific
Forklift Operator,forklift-operator,https://outreachrecruitment.net/jobs/forklift-operator,Logistics,91,Low,Forklift Operator jobs in Malta,4704,1,manufacturing-jobs-in-malta.html,True,Not recorded,,Target phrase missing: Forklift Operator jobs in Malta; Missing offer/benefits section
Accounts Payable,accounts-payable,https://outreachrecruitment.net/jobs/accounts-payable,Finance & Accounting,93,Low,Accounts Payable jobs in Malta,4843,2,"finance-jobs-in-malta.html, hospitality-jobs-in-malta.html",True,200,2026-08-13T08:33:05,Target phrase missing: Accounts Payable jobs in Malta; Salary/baseSalary missing or not specific
Assistance Operations Coordinator,assistance-operations-coordinator,https://outreachrecruitment.net/jobs/assistance-operations-coordinator,Insurance,93,Low,Assistance Operations Coordinator jobs in Malta,5144,2,"customer-service-jobs-in-malta.html, insurance-jobs-in-malta.html",True,Not recorded,,Target phrase missing: Assistance Operations Coordinator jobs in Malta; Salary/baseSalary missing or not specific
Associate Tax Advisor,associate-tax-advisor,https://outreachrecruitment.net/jobs/associate-tax-advisor,Finance & Accounting,93,Low,Associate Tax Advisor jobs in Malta,4520,1,finance-jobs-in-malta.html,True,200,2026-08-13T08:33:05,Target phrase missing: Associate Tax Advisor jobs in Malta; Salary/baseSalary missing or not specific
Bottling Operator,bottling-operator,https://outreachrecruitment.net/jobs/bottling-operator,General,93,Low,Bottling Operator jobs in Malta,4515,1,hospitality-jobs-in-malta.html,True,200,2026-08-13T08:33:05,Target phrase missing: Bottling Operator jobs in Malta; Salary/baseSalary missing or not specific
Chef De Partie,chef-de-partie-4,https://outreachrecruitment.net/jobs/chef-de-partie-4,Hospitality,93,Low,Chef De Partie jobs in Malta,4976,1,hospitality-jobs-in-malta.html,True,200,2026-08-13T08:33:05,Target phrase missing: Chef De Partie jobs in Malta; Salary/baseSalary missing or not specific
Client Accountant,client-accountant-2,https://outreachrecruitment.net/jobs/client-accountant-2,Finance & Accounting,93,Low,Client Accountant jobs in Malta,4739,1,finance-jobs-in-malta.html,True,200,2026-08-13T08:33:05,Target phrase missing: Client Accountant jobs in Malta; Salary/baseSalary missing or not specific
Counter assistant,counter-assistant,https://outreachrecruitment.net/jobs/counter-assistant,Administration,93,Low,Counter assistant jobs in Malta,4602,2,"engineering-jobs-in-malta.html, hospitality-jobs-in-malta.html",True,200,2026-08-13T08:33:05,Target phrase missing: Counter assistant jobs in Malta; Salary/baseSalary missing or not specific
Crane Installer,crane-installer,https://outreachrecruitment.net/jobs/crane-installer,Construction,93,Low,Crane Installer jobs in Malta,5126,1,construction-jobs-in-malta.html,True,Not recorded,,Target phrase missing: Crane Installer jobs in Malta; Salary/baseSalary missing or not specific
Customer Contact Centre Representative,customer-contact-centre-representative,https://outreachrecruitment.net/jobs/customer-contact-centre-representative,General,93,Low,Customer Contact Centre Representative jobs in Malta,4777,2,"customer-service-jobs-in-malta.html, insurance-jobs-in-malta.html",True,200,2026-08-13T08:33:05,Target phrase missing: Customer Contact Centre Representative jobs in Malta; Salary/baseSalary missing or not specific
Deli Counter Assistant / Salumeria Specialist,deli-counter-assistant-salumeria-specialist,https://outreachrecruitment.net/jobs/deli-counter-assistant-salumeria-specialist,Hospitality,93,Low,Deli Counter Assistant / Salumeria Specialist jobs in Malta,5004,1,hospitality-jobs-in-malta.html,True,200,2026-09-07T08:07:17,Target phrase missing: Deli Counter Assistant / Salumeria Specialist jobs in Malta; Salary/baseSalary missing or not specific
Head Chef,head-chef-steakhouse,https://outreachrecruitment.net/jobs/head-chef-steakhouse,Hospitality,93,Low,Head Chef jobs in Malta,4866,1,hospitality-jobs-in-malta.html,True,Not recorded,,Target phrase missing: Head Chef jobs in Malta; Salary/baseSalary missing or not specific
Heavy Equipment Mechanic,heavy-equipment-mechanic-2,https://outreachrecruitment.net/jobs/heavy-equipment-mechanic-2,Engineering & Maintenance,93,Low,Heavy Equipment Mechanic jobs in Malta,5092,1,engineering-jobs-in-malta.html,True,Not recorded,,Target phrase missing: Heavy Equipment Mechanic jobs in Malta; Salary/baseSalary missing or not specific
Heavy Equipment Mechanic,heavy-equipment-mechanic,https://outreachrecruitment.net/jobs/heavy-equipment-mechanic,Engineering & Maintenance,93,Low,Heavy Equipment Mechanic jobs in Malta,4859,1,engineering-jobs-in-malta.html,True,Not recorded,,Target phrase missing: Heavy Equipment Mechanic jobs in Malta; Salary/baseSalary missing or not specific
Hotel Porter,hotel-porter,https://outreachrecruitment.net/jobs/hotel-porter,General,93,Low,Hotel Porter jobs in Malta,4486,1,hospitality-jobs-in-malta.html,True,200,2026-08-13T08:33:05,Target phrase missing: Hotel Porter jobs in Malta; Salary/baseSalary missing or not specific
IT Support Executive,it-support-executive,https://outreachrecruitment.net/jobs/it-support-executive,IT & Technology,93,Low,IT Support Executive jobs in Malta,4981,1,it-jobs-in-malta.html,True,Not recorded,,Target phrase missing: IT Support Executive jobs in Malta; Salary/baseSalary missing or not specific
Kitchen Assistant,kitchen-assistant,https://outreachrecruitment.net/jobs/kitchen-assistant,Administration,93,Low,Kitchen Assistant jobs in Malta,4616,2,"engineering-jobs-in-malta.html, hospitality-jobs-in-malta.html",True,200,2026-08-13T08:33:05,Target phrase missing: Kitchen Assistant jobs in Malta; Salary/baseSalary missing or not specific
Room Attendents,room-attendents,https://outreachrecruitment.net/jobs/room-attendents,General,93,Low,Room Attendents jobs in Malta,4662,1,hospitality-jobs-in-malta.html,True,200,2026-08-13T08:33:05,Target phrase missing: Room Attendents jobs in Malta; Salary/baseSalary missing or not specific
Sales Executive,sales-executive-2,https://outreachrecruitment.net/jobs/sales-executive-2,Sales,93,Low,Sales Executive jobs in Malta,4880,1,sales-jobs-in-malta.html,True,Not recorded,,Target phrase missing: Sales Executive jobs in Malta; Salary/baseSalary missing or not specific
Steel Shutter Installer,steel-shutter-installer,https://outreachrecruitment.net/jobs/steel-shutter-installer,Engineering & Maintenance,93,Low,Steel Shutter Installer jobs in Malta,4803,1,construction-jobs-in-malta.html,True,Not recorded,,Target phrase missing: Steel Shutter Installer jobs in Malta; Salary/baseSalary missing or not specific
Supervisor,supervisor,https://outreachrecruitment.net/jobs/supervisor,General,93,Low,Supervisor jobs in Malta,4470,1,hospitality-jobs-in-malta.html,True,200,2026-08-13T08:33:05,Target phrase missing: Supervisor jobs in Malta; Salary/baseSalary missing or not specific
Tax Manager,tax-manager,https://outreachrecruitment.net/jobs/tax-manager,Finance & Accounting,93,Low,Tax Manager jobs in Malta,4784,1,finance-jobs-in-malta.html,True,200,2026-08-13T08:33:05,Target phrase missing: Tax Manager jobs in Malta; Salary/baseSalary missing or not specific
Finance Associate,finance-associate,https://outreachrecruitment.net/jobs/finance-associate,Finance & Accounting,94,Low,Finance Associate jobs in Malta,4537,1,finance-jobs-in-malta.html,True,200,2026-08-13T08:33:05,Meta description missing Malta; Salary/baseSalary missing or not specific
Housekeeping Attendant,housekeeping-attendant,https://outreachrecruitment.net/jobs/housekeeping-attendant,General,94,Low,Housekeeping Attendant jobs in Malta,4860,2,"hospitality-jobs-in-malta.html, subcontracting-jobs-in-malta.html",True,200,2026-08-12T08:52:35,Meta description missing Malta; Salary/baseSalary missing or not specific
Audit Senior Associate,audit-senior-associate,https://outreachrecruitment.net/jobs/audit-senior-associate,Finance & Accounting,95,Low,Audit Senior Associate jobs in Malta,5092,2,"finance-jobs-in-malta.html, it-jobs-in-malta.html",True,200,2026-08-13T08:33:05,Target phrase missing: Audit Senior Associate jobs in Malta
Maintenance Manager,maintenance-manager-mellieha,https://outreachrecruitment.net/jobs/maintenance-manager-mellieha,Engineering & Maintenance,95,Low,Maintenance Manager jobs in Malta,5511,1,engineering-jobs-in-malta.html,True,Not recorded,,Target phrase missing: Maintenance Manager jobs in Malta
Wood Painting & Finishing Specialist,wood-painting-finishing-specialist,https://outreachrecruitment.net/jobs/wood-painting-finishing-specialist,Construction,96,Low,Wood Painting & Finishing Specialist jobs in Malta,5122,2,"construction-jobs-in-malta.html, manufacturing-jobs-in-malta.html",True,200,2026-08-13T08:33:05,Meta description does not include exact job title
Builders and Shutterers,builders-and-shutterers,https://outreachrecruitment.net/jobs/builders-and-shutterers,General,98,Low,Builders and Shutterers jobs in Malta,5124,1,construction-jobs-in-malta.html,True,200,2026-08-13T08:33:05,Salary/baseSalary missing or not specific
Driver / Runner / Washer,driver-runner-washer,https://outreachrecruitment.net/jobs/driver-runner-washer,Logistics,98,Low,Driver / Runner / Washer jobs in Malta,4917,1,hospitality-jobs-in-malta.html,True,200,2026-08-13T08:33:05,Salary/baseSalary missing or not specific
Health Claims Associate,health-claims-associate,https://outreachrecruitment.net/jobs/health-claims-associate,Healthcare,98,Low,Health Claims Associate jobs in Malta,4726,2,"engineering-jobs-in-malta.html, insurance-jobs-in-malta.html",True,200,2026-08-13T08:33:05,Salary/baseSalary missing or not specific
Semi-Senior Accountant,semi-senior-accountant,https://outreachrecruitment.net/jobs/semi-senior-accountant,Finance & Accounting,98,Low,Semi-Senior Accountant jobs in Malta,4669,1,finance-jobs-in-malta.html,True,200,2026-08-13T08:33:05,Salary/baseSalary missing or not specific
