title,url,eligible,issue
Front Office Executive,https://outreachrecruitment.net/jobs/front-office-executive,True,
Italian Restaurant – Multiple Hospitality Positions,https://outreachrecruitment.net/jobs/italian-restaurant-hospitality-positions-dubai,True,
Junior Administrative Executive,https://outreachrecruitment.net/jobs/junior-administrative-executive,True,
Crane Installer,https://outreachrecruitment.net/jobs/crane-installer,True,
Beauty Specialist / Nail Technician,https://outreachrecruitment.net/jobs/beauty-specialist-nail-technician,True,
Marine Mechanical Engineer,https://outreachrecruitment.net/jobs/marine-mechanical-engineer,True,
Maintenance Manager,https://outreachrecruitment.net/jobs/maintenance-manager-mellieha,True,
Restaurant Manager - Italian Speaking,https://outreachrecruitment.net/jobs/restaurant-manager-italian-speaking,True,
Gypsum Installers,https://outreachrecruitment.net/jobs/gypsum-installers,True,
Mini Bus Driver – Licence D,https://outreachrecruitment.net/jobs/mini-bus-driver-licence-d,True,
Proposal Engineer – Energy Solutions,https://outreachrecruitment.net/jobs/proposal-engineer-energy-solutions,True,
Head Chef in Gozo,https://outreachrecruitment.net/jobs/head-chef-in-gozo,True,
Storekeeper,https://outreachrecruitment.net/jobs/storekeeper-zebbug,True,
Driver License B,https://outreachrecruitment.net/jobs/driver-license-b,True,
Forklift Operator,https://outreachrecruitment.net/jobs/forklift-operator,True,
Front Office Agent,https://outreachrecruitment.net/jobs/front-office-agent,True,
Head of Spa,https://outreachrecruitment.net/jobs/head-of-spa-2,True,
Night Cleaner,https://outreachrecruitment.net/jobs/night-cleaner,True,
Banqueting F&B Supervisor,https://outreachrecruitment.net/jobs/banqueting-fb-supervisor,True,
Assistance Operations Coordinator,https://outreachrecruitment.net/jobs/assistance-operations-coordinator,True,
Procurement Officer,https://outreachrecruitment.net/jobs/procurement-officer,True,
Operations Supervisor,https://outreachrecruitment.net/jobs/operations-supervisor,True,
Heavy Equipment Mechanic,https://outreachrecruitment.net/jobs/heavy-equipment-mechanic-2,True,
Learning & Development Executive - Hybrid,https://outreachrecruitment.net/jobs/learning-development-executive-hybrid,True,
Payment Clearing Specialist,https://outreachrecruitment.net/jobs/payment-clearing-specialist,True,
Auto Electrician (Heavy Vehicles),https://outreachrecruitment.net/jobs/auto-electrician-heavy-vehicles,True,
Heavy Equipment Mechanic,https://outreachrecruitment.net/jobs/heavy-equipment-mechanic,True,
Steel Shutter Installer,https://outreachrecruitment.net/jobs/steel-shutter-installer,True,
Junior Revenue & Accounts Analyst,https://outreachrecruitment.net/jobs/junior-revenue-accounts-analyst,True,
Public Area Cleaner,https://outreachrecruitment.net/jobs/public-area-cleaner,True,
Head Chef,https://outreachrecruitment.net/jobs/head-chef-steakhouse,True,
Senior Waiter / Sommelier,https://outreachrecruitment.net/jobs/senior-waiter-sommelier,True,
Deli Counter Assistant / Salumeria Specialist,https://outreachrecruitment.net/jobs/deli-counter-assistant-salumeria-specialist,True,
Chef De Partie,https://outreachrecruitment.net/jobs/chef-de-partie-4,True,
Kitchen Helper,https://outreachrecruitment.net/jobs/kitchen-helper,True,
Ship Chandler,https://outreachrecruitment.net/jobs/ship-chandler,True,
Fleet Mechanical Superintendent,https://outreachrecruitment.net/jobs/fleet-mechanical-superintendent,True,
Customer Care Agent,https://outreachrecruitment.net/jobs/customer-care-agent,True,
HVAC Technician,https://outreachrecruitment.net/jobs/hvac-technician,False,No JSON-LD schema found
Delivery Man,https://outreachrecruitment.net/jobs/delivery-man,False,No JSON-LD schema found
Head of HVAC Technicians,https://outreachrecruitment.net/jobs/head-of-hvac-technicians,False,No JSON-LD schema found
Tank Cleaner,https://outreachrecruitment.net/jobs/tank-cleaner,False,No JSON-LD schema found
Welder / Burner / Pipe Fitter,https://outreachrecruitment.net/jobs/welder-burner-pipe-fitter,False,No JSON-LD schema found
Shipyard Sprayer / Painter,https://outreachrecruitment.net/jobs/shipyard-sprayer-painter,False,No JSON-LD schema found
Marine Carpenter,https://outreachrecruitment.net/jobs/marine-carpenter,False,No JSON-LD schema found
Electronic Technician,https://outreachrecruitment.net/jobs/electronic-technician,False,No JSON-LD schema found
Commercial Divers,https://outreachrecruitment.net/jobs/commercial-divers,False,No JSON-LD schema found
Trailer Drivers,https://outreachrecruitment.net/jobs/trailer-drivers,False,No JSON-LD schema found
Purchasing Manager,https://outreachrecruitment.net/jobs/purchasing-manager,False,No JSON-LD schema found
Quality Engineer,https://outreachrecruitment.net/jobs/quality-engineer,False,No JSON-LD schema found
Marine Turner,https://outreachrecruitment.net/jobs/marine-turner,False,No JSON-LD schema found
Marine Mechanical Foreman,https://outreachrecruitment.net/jobs/marine-mechanical-foreman,False,No JSON-LD schema found
Plate Shop Foreman,https://outreachrecruitment.net/jobs/plate-shop-foreman,False,No JSON-LD schema found
Administration Specialist,https://outreachrecruitment.net/jobs/administration-specialist,False,No JSON-LD schema found
Client Accountant,https://outreachrecruitment.net/jobs/client-accountant-2,True,
QHSE Manager,https://outreachrecruitment.net/jobs/qhse-manager-malta,True,
Application Developer (Drupal),https://outreachrecruitment.net/jobs/application-developer-drupal,True,
"Fleet, Tools and Facility Manager",https://outreachrecruitment.net/jobs/fleet-tools-facility-manager,True,
Sales Office Coordinator,https://outreachrecruitment.net/jobs/sales-office-coordinator,True,
Customer Contact Agent,https://outreachrecruitment.net/jobs/customer-contact-agent,True,
HR Administration Officer,https://outreachrecruitment.net/jobs/hr-administration-officer,True,
Project Manager,https://outreachrecruitment.net/jobs/project-manager,True,
Purchasing Officer,https://outreachrecruitment.net/jobs/purchasing-officer,True,
Estimator,https://outreachrecruitment.net/jobs/estimator,True,
HSSE Coordinator,https://outreachrecruitment.net/jobs/hsse-coordinator,True,
Housekeeper,https://outreachrecruitment.net/jobs/housekeeper,True,
Driver / Runner / Washer,https://outreachrecruitment.net/jobs/driver-runner-washer,True,
Supervisor,https://outreachrecruitment.net/jobs/supervisor,True,
Customer Operations Associate,https://outreachrecruitment.net/jobs/customer-operations-associate,True,
Structural Engineer,https://outreachrecruitment.net/jobs/structural-engineer,True,
Senior Quantity Estimator (M&E),https://outreachrecruitment.net/jobs/senior-quantity-estimator-me,True,
Sales Representative in Renewables,https://outreachrecruitment.net/jobs/sales-representative-in-renewables,True,
HVAC Project Manager,https://outreachrecruitment.net/jobs/hvac-project-manager,True,
HVAC Sales Representative,https://outreachrecruitment.net/jobs/hvac-sales-representative,True,
Maintenance Technician - Electrical Licence A or B),https://outreachrecruitment.net/jobs/maintenance-technician-electrical-licence-a-or-b,True,
IT Support Executive,https://outreachrecruitment.net/jobs/it-support-executive,True,
General Maintenance Technician,https://outreachrecruitment.net/jobs/general-maintenance-technician,True,
Counter assistant,https://outreachrecruitment.net/jobs/counter-assistant,True,
Kitchen Assistant,https://outreachrecruitment.net/jobs/kitchen-assistant,True,
Heavy Machine Operator,https://outreachrecruitment.net/jobs/heavy-machine-operator,True,
Housekeeping Attendant,https://outreachrecruitment.net/jobs/housekeeping-attendant,True,
Accounts Payable,https://outreachrecruitment.net/jobs/accounts-payable,True,
Tax Manager,https://outreachrecruitment.net/jobs/tax-manager,True,
Automotive Service Advisor,https://outreachrecruitment.net/jobs/automotive-service-advisor,True,
High Voltage Motor Vehicle Technician,https://outreachrecruitment.net/jobs/high-voltage-motor-vehicle-technician,True,
Audit Senior Associate,https://outreachrecruitment.net/jobs/audit-senior-associate,True,
Customer Contact Centre Representative,https://outreachrecruitment.net/jobs/customer-contact-centre-representative,True,
Builders and Shutterers,https://outreachrecruitment.net/jobs/builders-and-shutterers,True,
Draughtsperson,https://outreachrecruitment.net/jobs/draughtsperson,True,
Associate Tax Advisor,https://outreachrecruitment.net/jobs/associate-tax-advisor,True,
Customer Care Associate,https://outreachrecruitment.net/jobs/customer-care-associate,True,
Sales Executive - Luxury Retail,https://outreachrecruitment.net/jobs/sales-executive-luxury-retail,True,
Bottling Operator,https://outreachrecruitment.net/jobs/bottling-operator,True,
Motor Vehicle Mechanic/Technician,https://outreachrecruitment.net/jobs/motor-vehicle-mechanictechnician,True,
Automotive Parts Personnel,https://outreachrecruitment.net/jobs/automotive-parts-personnel,True,
Corporate Insurance Associate,https://outreachrecruitment.net/jobs/corporate-insurance-associate,True,
Wood Painting & Finishing Specialist,https://outreachrecruitment.net/jobs/wood-painting-finishing-specialist,True,
Delivery Driver - Malta C License,https://outreachrecruitment.net/jobs/delivery-driver-malta-c-license,True,
Health Claims Associate,https://outreachrecruitment.net/jobs/health-claims-associate,True,
Delivery Drivers - C1 Malta License,https://outreachrecruitment.net/jobs/delivery-drivers-c1-malta-license,True,
Auditor,https://outreachrecruitment.net/jobs/auditor,True,
CNC Machine Operator,https://outreachrecruitment.net/jobs/cnc-machine-operator,True,
Room Attendents,https://outreachrecruitment.net/jobs/room-attendents,True,
Finance Associate,https://outreachrecruitment.net/jobs/finance-associate,True,
Skilled Carpenters,https://outreachrecruitment.net/jobs/skilled-carpenters,True,
Delivery Person with Driving Licence C1,https://outreachrecruitment.net/jobs/delivery-person-with-driving-licence-c1,True,
Commercial Insurance Associate,https://outreachrecruitment.net/jobs/commercial-insurance-associate,True,
Aluminum Install and Fabrication Foreman,https://outreachrecruitment.net/jobs/aluminum-install-and-fabrication-foreman,True,
Audit Senior,https://outreachrecruitment.net/jobs/audit-senior,True,
Product Owner - Hybrid,https://outreachrecruitment.net/jobs/product-owner-hybrid,True,
Volvo Penta Mechanic,https://outreachrecruitment.net/jobs/volvo-penta-mechanic,True,
Sign Assembler & Installer,https://outreachrecruitment.net/jobs/sign-assembler-installer,True,
Hotel Porter,https://outreachrecruitment.net/jobs/hotel-porter,True,
Boat Maintenance,https://outreachrecruitment.net/jobs/boat-maintenance,True,
First Line Support - Hybrid,https://outreachrecruitment.net/jobs/first-line-support-hybrid,True,
Semi-Senior Accountant,https://outreachrecruitment.net/jobs/semi-senior-accountant,True,
Sales Executive,https://outreachrecruitment.net/jobs/sales-executive-2,True,
Housekeeper,https://outreachrecruitment.net/jobs/housekeeper-2,True,
Accounts Senior,https://outreachrecruitment.net/jobs/accounts-senior-2,True,
